XSID,Reduced_Level,Distance,Data_Set,Datum
MB1,1.6872,2.688,2004_LiDAR,DVD58
MB1,1.7183,3.406898461,2004_LiDAR,
MB1,1.692,4.004074883,2004_LiDAR,
MB1,1.944,5.106110146,2004_LiDAR,
MB1,2.0082,5.778928409,2004_LiDAR,
MB1,2.0514,6.935521387,2004_LiDAR,
MB1,2.125,7.347521847,2004_LiDAR,
MB1,2.1268,8.066969109,2004_LiDAR,
MB1,2.1306,10.07654875,2004_LiDAR,
MB1,2.0482,12.04740709,2004_LiDAR,
MB1,1.9754,13.39687668,2004_LiDAR,
MB1,1.9356,14.59760459,2004_LiDAR,
MB1,1.4971,16.9364263,2004_LiDAR,
MB1,1.4096,18.45169919,2004_LiDAR,
MB1,1.415,18.63953619,2004_LiDAR,
MB1,1.1421,20.3262793,2004_LiDAR,
MB1,1.2405,21.85068889,2004_LiDAR,
MB1,1.15,22.95450923,2004_LiDAR,
MB1,1.169,23.85457303,2004_LiDAR,
MB1,1.1165,25.84033554,2004_LiDAR,
MB1,1.1664,27.13123739,2004_LiDAR,
MB1,1.196,29.91438546,2004_LiDAR,
MB1,1.173,30.37118097,2004_LiDAR,
MB1,1.1732,30.86804653,2004_LiDAR,
MB1,1.078,33.51822191,2004_LiDAR,
MB1,1.09,33.85578763,2004_LiDAR,
MB1,1.0746,34.45159997,2004_LiDAR,
MB1,1.0877,34.73568553,2004_LiDAR,
MB1,1.0616,36.46782123,2004_LiDAR,
MB1,1.0363,38.776028,2004_LiDAR,
MB1,1.0363,39.31529534,2004_LiDAR,
MB1,0.9341,39.95864654,2004_LiDAR,
MB1,0.8843,40.27787573,2004_LiDAR,
MB1,0.9087,40.76348565,2004_LiDAR,
MB1,0.8493,44.63419383,2004_LiDAR,
MB1,0.8437,44.94267361,2004_LiDAR,
MB1,0.8482,45.17283981,2004_LiDAR,
MB1,1.0062,48.25626519,2004_LiDAR,
MB1,0.8468,50.82008814,2004_LiDAR,
MB1,0.8342,50.94041784,2004_LiDAR,
MB1,0.8419,51.31930364,2004_LiDAR,
MB1,0.9511,54.29202643,2004_LiDAR,
MB1,0.9659,54.41622865,2004_LiDAR,
MB1,0.9762,55.21782503,2004_LiDAR,
MB1,0.9967,56.46766467,2004_LiDAR,
MB1,0.9973,56.64214016,2004_LiDAR,
MB1,0.9929,57.08201767,2004_LiDAR,
MB1,0.8699,59.41497134,2004_LiDAR,
MB1,0.9065,60.33557002,2004_LiDAR,
MB1,0.8767,62.88810271,2004_LiDAR,
MB1,0.8905,64.69688217,2004_LiDAR,
MB1,0.9518,65.46338855,2004_LiDAR,
MB1,0.9602,65.9633112,2004_LiDAR,
MB1,0.865,67.08995255,2004_LiDAR,
MB1,0.8272,68.37343224,2004_LiDAR,
MB1,0.9421,70.04792854,2004_LiDAR,
MB1,0.9344,71.36714309,2004_LiDAR,
MB1,0.8287,73.31967297,2004_LiDAR,
MB1,1.0063,76.00104312,2004_LiDAR,
MB1,0.9719,76.55619989,2004_LiDAR,
MB1,1.011,76.8526566,2004_LiDAR,
MB1,0.9739,79.15136655,2004_LiDAR,
MB1,0.9279,79.88378422,2004_LiDAR,
MB1,0.8909,81.39616953,2004_LiDAR,
MB1,0.809,82.29897083,2004_LiDAR,
MB1,0.8592,84.54623355,2004_LiDAR,
MB1,0.8677,85.65502289,2004_LiDAR,
MB1,0.9236,86.19520016,2004_LiDAR,
MB1,0.7983,87.83130551,2004_LiDAR,
MB1,0.7861,88.2228507,2004_LiDAR,
MB1,0.819,90.32669112,2004_LiDAR,
MB1,0.9504,92.00084657,2004_LiDAR,
MB1,0.969,92.19351035,2004_LiDAR,
MB1,0.9656,92.26803448,2004_LiDAR,
MB1,0.9653,92.43188509,2004_LiDAR,
MB1,0.8766,94.68812033,2004_LiDAR,
MB1,0.9661,96.11818788,2004_LiDAR,
MB1,1.0538,97.41352441,2004_LiDAR,
MB1,1.0358,97.93116431,2004_LiDAR,
MB1,0.969,101.9864772,2004_LiDAR,
MB1,0.9866,102.4940868,2004_LiDAR,
MB1,0.8311,103.6172956,2004_LiDAR,
MB1,0.7762,103.9313043,2004_LiDAR,
MB1,0.8117,106.0335591,2004_LiDAR,
MB1,0.8267,106.6636427,2004_LiDAR,
MB1,0.815,106.9657222,2004_LiDAR,
MB1,0.86,107.998954,2004_LiDAR,
MB1,0.8109,108.4481715,2004_LiDAR,
MB1,0.9128,109.3079946,2004_LiDAR,
MB1,1.0769,110.2339972,2004_LiDAR,
MB1,1.0355,111.4799551,2004_LiDAR,
MB1,0.9557,113.3536758,2004_LiDAR,
MB1,0.8285,115.4554735,2004_LiDAR,
MB1,0.9381,116.5796548,2004_LiDAR,
MB1,1.0181,117.3783935,2004_LiDAR,
MB1,2.1762,120.2799847,2004_LiDAR,
MB1,2.3881,120.5685035,2004_LiDAR,
MB1,2.6238,121.3354902,2004_LiDAR,
MB1,2.6536,121.6082151,2004_LiDAR,
MB1,2.3922,123.270541,2004_LiDAR,
MB1,2.2723,123.9050093,2004_LiDAR,
MB1,1.4147,125.8600561,2004_LiDAR,
MB1,0.8316,127.1101908,2004_LiDAR,
MB1,0.5954,127.8514019,2004_LiDAR,
MB1,0.5939,128.858339,2004_LiDAR,
MB1,0.6045,129.8370949,2004_LiDAR,
MB1,0.594,130.7056984,2004_LiDAR,
,,,,
MB2,1.1659,0,2004_LiDAR,
MB2,1.1663,0.626131727,2004_LiDAR,
MB2,1.2139,1.304724113,2004_LiDAR,
MB2,1.3245,1.782572696,2004_LiDAR,
MB2,1.3139,2.01781681,2004_LiDAR,
MB2,1.1753,2.994219276,2004_LiDAR,
MB2,1.2253,5.369861746,2004_LiDAR,
MB2,1.219,6.575433523,2004_LiDAR,
MB2,1.1871,7.172889401,2004_LiDAR,
MB2,1.1215,9.175075806,2004_LiDAR,
MB2,1.0649,10.64892293,2004_LiDAR,
MB2,1.2558,11.57025195,2004_LiDAR,
MB2,1.262,11.63304662,2004_LiDAR,
MB2,1.1713,13.09223242,2004_LiDAR,
MB2,1.1902,13.51569816,2004_LiDAR,
MB2,1.2259,14.58036348,2004_LiDAR,
MB2,1.3053,16.72214218,2004_LiDAR,
MB2,1.3333,17.04735137,2004_LiDAR,
MB2,1.3994,17.38546904,2004_LiDAR,
MB2,2.0821,19.25394298,2004_LiDAR,
MB2,3.0473,21.2831962,2004_LiDAR,
MB2,2.9954,21.79971029,2004_LiDAR,
MB2,2.8345,23.06217896,2004_LiDAR,
MB2,2.646,23.87138716,2004_LiDAR,
MB2,2.1579,25.02647044,2004_LiDAR,
MB2,1.5808,26.42327257,2004_LiDAR,
MB2,1.4445,27.13771606,2004_LiDAR,
MB2,1.4639,27.57070203,2004_LiDAR,
MB2,1.3095,28.6648051,2004_LiDAR,
MB2,1.3005,28.72239421,2004_LiDAR,
MB2,1.2648,28.88969794,2004_LiDAR,
MB2,1.1198,31.43279877,2004_LiDAR,
MB2,1.1387,32.59297796,2004_LiDAR,
MB2,0.9375,33.78041243,2004_LiDAR,
MB2,0.4926,35.92776159,2004_LiDAR,
MB2,0.3038,36.87255546,2004_LiDAR,
MB2,0.3975,38.369833,2004_LiDAR,
MB2,0.2936,40.13004847,2004_LiDAR,
MB2,0.3442,42.94430145,2004_LiDAR,
MB2,0.4645,111.5498909,2004_LiDAR,
MB2,0.54,116.9707392,2004_LiDAR,
MB2,0.3869,151.7371678,2004_LiDAR,
MB2,0.2673,156.5421585,2004_LiDAR,
MB2,0.3243,183.8835379,2004_LiDAR,
MB2,0.1668,207.1071953,2004_LiDAR,
MB2,0.1821,208.8809354,2004_LiDAR,
MB2,0.1865,213.1843022,2004_LiDAR,
MB2,0.234,223.2128641,2004_LiDAR,
MB2,0.2282,223.9427292,2004_LiDAR,
MB2,0.2257,229.0276329,2004_LiDAR,
MB2,0.3414,229.5544496,2004_LiDAR,
MB2,0.722,232.1483248,2004_LiDAR,
MB2,0.7286,232.6871528,2004_LiDAR,
MB2,0.7873,233.6164803,2004_LiDAR,
MB2,0.8662,234.0503063,2004_LiDAR,
MB2,0.7553,235.2681318,2004_LiDAR,
MB2,0.9153,236.7510206,2004_LiDAR,
MB2,0.9471,236.9509474,2004_LiDAR,
MB2,1.0696,239.1824643,2004_LiDAR,
MB2,0.9866,241.2523661,2004_LiDAR,
MB2,0.9778,241.381094,2004_LiDAR,
MB2,0.962,241.5125391,2004_LiDAR,
MB2,0.8479,242.9553834,2004_LiDAR,
MB2,0.8948,243.9778852,2004_LiDAR,
MB2,0.7737,246.2463061,2004_LiDAR,
MB2,0.973,249.1414734,2004_LiDAR,
MB2,0.9662,249.2226269,2004_LiDAR,
MB2,0.9784,252.6299527,2004_LiDAR,
MB2,0.9967,252.9613471,2004_LiDAR,
MB2,0.9923,253.0531422,2004_LiDAR,
MB2,1.0041,255.5768087,2004_LiDAR,
MB2,1.0161,255.9155925,2004_LiDAR,
MB2,0.8662,257.0774572,2004_LiDAR,
MB2,1.0324,258.2331023,2004_LiDAR,
MB2,1.0982,259.4959901,2004_LiDAR,
MB2,1.0164,261.6601885,2004_LiDAR,
MB2,0.9749,263.2151513,2004_LiDAR,
MB2,0.9794,264.5369451,2004_LiDAR,
MB2,1.0859,266.5406097,2004_LiDAR,
MB2,1.0802,267.2524094,2004_LiDAR,
MB2,1.0332,268.3885408,2004_LiDAR,
MB2,1.0257,269.0665704,2004_LiDAR,
MB2,0.9012,270.4983821,2004_LiDAR,
MB2,0.9143,270.6808214,2004_LiDAR,
MB2,0.9176,271.8452496,2004_LiDAR,
MB2,0.6078,273.4182919,2004_LiDAR,
MB2,0.4944,274.1812013,2004_LiDAR,
MB2,0.4961,275.0865104,2004_LiDAR,
MB2,0.5707,275.7537743,2004_LiDAR,
MB2,0.9455,279.1986737,2004_LiDAR,
MB2,0.9767,279.7501256,2004_LiDAR,
MB2,0.9567,280.3697865,2004_LiDAR,
MB2,0.9901,282.1744122,2004_LiDAR,
MB2,1.0492,285.4090318,2004_LiDAR,
MB2,1.0137,285.7734644,2004_LiDAR,
MB2,1.0083,286.1056584,2004_LiDAR,
MB2,0.9975,286.310799,2004_LiDAR,
MB2,0.7362,290.2838933,2004_LiDAR,
MB2,0.7217,292.2341709,2004_LiDAR,
MB2,0.6729,293.1024972,2004_LiDAR,
MB2,0.7378,294.3151698,2004_LiDAR,
MB2,0.8528,295.5850423,2004_LiDAR,
MB2,0.939,298.1867361,2004_LiDAR,
MB2,1.1164,301.2193575,2004_LiDAR,
MB2,1.117,301.2729074,2004_LiDAR,
MB2,1.1121,301.3038212,2004_LiDAR,
MB2,0.8267,302.4098342,2004_LiDAR,
MB2,0.8268,305.2605291,2004_LiDAR,
MB2,0.8634,308.9174703,2004_LiDAR,
MB2,0.8257,309.4654305,2004_LiDAR,
MB2,0.813,311.2256961,2004_LiDAR,
MB2,0.8446,312.5431113,2004_LiDAR,
MB2,0.9364,313.6451332,2004_LiDAR,
MB2,0.7996,318.0106378,2004_LiDAR,
MB2,0.8012,318.9383628,2004_LiDAR,
MB2,0.8152,319.5861641,2004_LiDAR,
MB2,0.7854,320.2787373,2004_LiDAR,
MB2,0.9031,324.4510302,2004_LiDAR,
MB2,0.8797,325.4485392,2004_LiDAR,
MB2,0.999,326.291362,2004_LiDAR,
MB2,0.9985,326.7142,2004_LiDAR,
MB2,1.0447,329.6421803,2004_LiDAR,
MB2,1.0376,329.9359161,2004_LiDAR,
MB2,0.877,331.2970364,2004_LiDAR,
MB2,0.8439,332.1919194,2004_LiDAR,
MB2,0.8987,333.0850777,2004_LiDAR,
MB2,0.94,334.3531947,2004_LiDAR,
MB2,0.9926,335.71205,2004_LiDAR,
MB2,0.9911,336.6481637,2004_LiDAR,
MB2,1.0877,339.9133531,2004_LiDAR,
MB2,1.0607,341.4201328,2004_LiDAR,
MB2,1.0922,342.4348396,2004_LiDAR,
MB2,1.0102,344.1021874,2004_LiDAR,
MB2,1.069,344.6710312,2004_LiDAR,
MB2,1.0021,345.2885334,2004_LiDAR,
MB2,0.8415,346.6363672,2004_LiDAR,
MB2,0.9536,347.7987573,2004_LiDAR,
MB2,1.0283,348.5537243,2004_LiDAR,
MB2,1.04,348.9068804,2004_LiDAR,
MB2,1.062,350.7519264,2004_LiDAR,
MB2,0.8887,354.5214998,2004_LiDAR,
MB2,0.8341,355.4674041,2004_LiDAR,
MB2,0.8311,355.8628746,2004_LiDAR,
MB2,0.8684,356.7114625,2004_LiDAR,
MB2,0.9161,359.4908572,2004_LiDAR,
MB2,0.9902,360.6474408,2004_LiDAR,
MB2,1.0056,361.0126677,2004_LiDAR,
MB2,1.0124,361.5667478,2004_LiDAR,
MB2,0.9608,362.6576741,2004_LiDAR,
MB2,0.849,363.7467105,2004_LiDAR,
MB2,0.9066,365.6521703,2004_LiDAR,
MB2,0.955,367.4388601,2004_LiDAR,
MB2,0.9012,367.9841355,2004_LiDAR,
MB2,0.8613,368.6529245,2004_LiDAR,
MB2,0.8544,370.2388496,2004_LiDAR,
MB2,0.8885,371.1085845,2004_LiDAR,
MB2,0.869,371.2745699,2004_LiDAR,
MB2,0.8788,371.6055113,2004_LiDAR,
MB2,1.0467,373.0446525,2004_LiDAR,
MB2,1.079,373.3084025,2004_LiDAR,
MB2,1.0277,375.0896765,2004_LiDAR,
MB2,0.9289,377.9583695,2004_LiDAR,
MB2,0.9298,377.9669735,2004_LiDAR,
MB2,0.9284,378.0464349,2004_LiDAR,
MB2,0.9667,380.4737051,2004_LiDAR,
MB2,0.9525,381.3581095,2004_LiDAR,
MB2,1.0253,382.2126366,2004_LiDAR,
MB2,0.873,385.2510953,2004_LiDAR,
MB2,0.8696,385.3262957,2004_LiDAR,
MB2,0.8714,385.3597626,2004_LiDAR,
MB2,0.9061,389.138595,2004_LiDAR,
MB2,0.9014,389.1763204,2004_LiDAR,
MB2,0.9392,389.497645,2004_LiDAR,
MB2,1.0451,390.6015072,2004_LiDAR,
MB2,1.0854,390.7521128,2004_LiDAR,
MB2,1.1505,393.3190783,2004_LiDAR,
MB2,1.0036,396.5122242,2004_LiDAR,
MB2,0.9992,398.296923,2004_LiDAR,
MB2,1.008,399.9204065,2004_LiDAR,
MB2,0.9782,400.596052,2004_LiDAR,
MB2,1.0934,401.0843588,2004_LiDAR,
MB2,1.0936,401.6119811,2004_LiDAR,
MB2,1.1313,404.1399211,2004_LiDAR,
MB2,0.9752,406.3432856,2004_LiDAR,
MB2,0.9626,407.3358744,2004_LiDAR,
MB2,0.9224,407.7344684,2004_LiDAR,
MB2,1.0267,408.793891,2004_LiDAR,
MB2,1.1489,410.6339292,2004_LiDAR,
MB2,0.9876,412.0319472,2004_LiDAR,
MB2,0.934,412.5608089,2004_LiDAR,
MB2,0.929,413.5195637,2004_LiDAR,
MB2,1.0114,414.5384477,2004_LiDAR,
MB2,1.129,416.9836259,2004_LiDAR,
MB2,1.1273,417.4341354,2004_LiDAR,
MB2,1.1249,417.728004,2004_LiDAR,
MB2,1.1114,418.0268011,2004_LiDAR,
MB2,0.8414,419.2002428,2004_LiDAR,
MB2,0.8075,420.985046,2004_LiDAR,
MB2,0.806,421.0741452,2004_LiDAR,
MB2,0.8048,421.1492513,2004_LiDAR,
MB2,1.1044,422.9254118,2004_LiDAR,
MB2,1.0482,424.1012591,2004_LiDAR,
MB2,0.9457,425.3907363,2004_LiDAR,
MB2,1.0301,426.0053854,2004_LiDAR,
MB2,1.1176,427.3660691,2004_LiDAR,
MB2,1.1417,427.7010114,2004_LiDAR,
MB2,1.2182,429.6500547,2004_LiDAR,
MB2,1.126,430.404739,2004_LiDAR,
MB2,1.2941,432.0354328,2004_LiDAR,
MB2,1.2684,434.8272495,2004_LiDAR,
MB2,1.2776,435.1844235,2004_LiDAR,
MB2,1.2881,435.3716739,2004_LiDAR,
MB2,1.6516,437.6855484,2004_LiDAR,
MB2,1.6595,438.7532382,2004_LiDAR,
MB2,1.6636,439.8240481,2004_LiDAR,
MB2,1.6108,441.3404925,2004_LiDAR,
MB2,0.8157,444.4706673,2004_LiDAR,
MB2,0.4817,445.8407841,2004_LiDAR,
MB2,0.445,447.0002553,2004_LiDAR,
MB2,0.2503,448.3246734,2004_LiDAR,
,,,,
MB3,1.283,0,2004_LiDAR,
MB3,1.2874,0.101425532,2004_LiDAR,
MB3,1.222,2.184216507,2004_LiDAR,
MB3,1.1684,2.941205318,2004_LiDAR,
MB3,1.3247,4.332657675,2004_LiDAR,
MB3,1.3759,4.955675949,2004_LiDAR,
MB3,1.3566,5.403339043,2004_LiDAR,
MB3,1.2705,8.071860813,2004_LiDAR,
MB3,1.4206,9.084344226,2004_LiDAR,
MB3,1.4338,9.28373935,2004_LiDAR,
MB3,1.4375,10.3554438,2004_LiDAR,
MB3,1.3947,11.19791458,2004_LiDAR,
MB3,1.264,13.15565229,2004_LiDAR,
MB3,1.278,13.25893729,2004_LiDAR,
MB3,1.2634,14.15434075,2004_LiDAR,
MB3,1.2785,14.95168442,2004_LiDAR,
MB3,1.2606,15.28300756,2004_LiDAR,
MB3,1.2442,17.36874192,2004_LiDAR,
MB3,1.3336,18.08706943,2004_LiDAR,
MB3,1.3992,18.8089984,2004_LiDAR,
MB3,1.386,20.24942116,2004_LiDAR,
MB3,1.2409,21.96121668,2004_LiDAR,
MB3,1.2118,22.6525853,2004_LiDAR,
MB3,1.2292,23.03055839,2004_LiDAR,
MB3,1.3528,24.51051906,2004_LiDAR,
MB3,1.2871,25.3583515,2004_LiDAR,
MB3,1.2364,27.64179986,2004_LiDAR,
MB3,1.2328,27.70734495,2004_LiDAR,
MB3,1.0689,28.75032609,2004_LiDAR,
MB3,1.07,28.98890681,2004_LiDAR,
MB3,1.107,31.39736293,2004_LiDAR,
MB3,1.0714,31.61467528,2004_LiDAR,
MB3,1.092,31.84652557,2004_LiDAR,
MB3,1.0819,32.10895234,2004_LiDAR,
MB3,0.9351,33.81054694,2004_LiDAR,
MB3,0.9503,36.09441425,2004_LiDAR,
MB3,0.9118,36.48160722,2004_LiDAR,
MB3,0.9451,36.9830131,2004_LiDAR,
MB3,0.8951,38.29382242,2004_LiDAR,
MB3,0.8658,39.3264584,2004_LiDAR,
MB3,0.8402,40.88848837,2004_LiDAR,
MB3,0.7957,41.26855776,2004_LiDAR,
MB3,0.9275,42.3159906,2004_LiDAR,
MB3,0.9755,43.17788803,2004_LiDAR,
MB3,1.004,44.76175494,2004_LiDAR,
MB3,0.9867,46.30891841,2004_LiDAR,
MB3,1.035,47.14074008,2004_LiDAR,
MB3,1.0651,49.37967396,2004_LiDAR,
MB3,0.9929,50.46705446,2004_LiDAR,
MB3,0.9083,51.18797072,2004_LiDAR,
MB3,0.9396,51.99269084,2004_LiDAR,
MB3,0.9242,52.92353639,2004_LiDAR,
MB3,0.8848,56.35920432,2004_LiDAR,
MB3,0.824,57.02198868,2004_LiDAR,
MB3,0.8734,58.02724799,2004_LiDAR,
MB3,0.7972,60.78571915,2004_LiDAR,
MB3,0.8067,61.44114076,2004_LiDAR,
MB3,0.9109,62.08616146,2004_LiDAR,
MB3,0.8911,64.19519535,2004_LiDAR,
MB3,0.8869,64.83186088,2004_LiDAR,
MB3,1.0067,66.31883872,2004_LiDAR,
MB3,1.0478,66.68714149,2004_LiDAR,
MB3,1.0664,67.12275466,2004_LiDAR,
MB3,1.2024,68.70065343,2004_LiDAR,
MB3,1.3532,70.67860944,2004_LiDAR,
MB3,1.6531,71.67959455,2004_LiDAR,
MB3,2.0916,73.81878586,2004_LiDAR,
MB3,2.224,74.4497163,2004_LiDAR,
MB3,2.3162,74.7914915,2004_LiDAR,
MB3,2.375,75.0139536,2004_LiDAR,
MB3,2.4385,75.28012122,2004_LiDAR,
MB3,2.802,76.55462558,2004_LiDAR,
MB3,2.938,77.66808807,2004_LiDAR,
MB3,3.0262,79.53134764,2004_LiDAR,
MB3,2.9313,80.40594888,2004_LiDAR,
MB3,2.5687,81.24085366,2004_LiDAR,
MB3,1.9068,82.69655811,2004_LiDAR,
MB3,1.7665,83.49441859,2004_LiDAR,
MB3,1.5967,84.07178607,2004_LiDAR,
MB3,1.2807,84.83597219,2004_LiDAR,
MB3,0.9512,86.8859901,2004_LiDAR,
MB3,0.7674,87.74789646,2004_LiDAR,
MB3,0.7011,88.29959827,2004_LiDAR,
MB3,0.7599,88.81029371,2004_LiDAR,
MB3,0.6517,90.1272352,2004_LiDAR,
MB3,0.6902,91.10871948,2004_LiDAR,
MB3,0.6541,93.75650613,2004_LiDAR,
MB3,0.6237,95.26307175,2004_LiDAR,
MB3,0.5536,96.44641117,2004_LiDAR,
MB3,0.5965,98.23403573,2004_LiDAR,
MB3,0.5563,98.69413461,2004_LiDAR,
MB3,0.4313,99.11582317,2004_LiDAR,
MB3,0.4304,100.2366521,2004_LiDAR,
MB3,0.4431,100.5349335,2004_LiDAR,
,,,,
MB5,26.8461,2.723,2004_LiDAR,
MB5,26.6444,4.664925143,2004_LiDAR,
MB5,26.5428,5.907448653,2004_LiDAR,
MB5,26.9285,8.774107253,2004_LiDAR,
MB5,27.0384,9.199526797,2004_LiDAR,
MB5,27.036,9.301652704,2004_LiDAR,
MB5,26.7232,11.41066918,2004_LiDAR,
MB5,26.4499,13.22508157,2004_LiDAR,
MB5,26.4525,14.60433186,2004_LiDAR,
MB5,26.5072,15.12893614,2004_LiDAR,
MB5,26.713,16.85272424,2004_LiDAR,
MB5,26.6767,17.3386349,2004_LiDAR,
MB5,26.6877,17.60965536,2004_LiDAR,
MB5,26.4613,20.82835574,2004_LiDAR,
MB5,26.311,21.92265826,2004_LiDAR,
MB5,26.453,24.46311667,2004_LiDAR,
MB5,26.4467,24.76296898,2004_LiDAR,
MB5,26.4501,24.90438034,2004_LiDAR,
MB5,26.113,29.54642382,2004_LiDAR,
MB5,26.0615,31.25383062,2004_LiDAR,
MB5,26.1637,32.29701233,2004_LiDAR,
MB5,26.2012,33.14072212,2004_LiDAR,
MB5,26.1528,33.2166545,2004_LiDAR,
MB5,26.1179,34.4472495,2004_LiDAR,
MB5,26.0972,39.09651749,2004_LiDAR,
MB5,26.103,39.35639887,2004_LiDAR,
MB5,26.0754,41.86179618,2004_LiDAR,
MB5,25.8404,43.73013305,2004_LiDAR,
MB5,25.814,44.03428122,2004_LiDAR,
MB5,25.8325,45.33524075,2004_LiDAR,
MB5,25.8418,46.62427054,2004_LiDAR,
MB5,25.8583,48.19929331,2004_LiDAR,
MB5,25.8845,48.55281732,2004_LiDAR,
MB5,25.8644,48.82051346,2004_LiDAR,
MB5,25.6602,51.83139819,2004_LiDAR,
MB5,25.6625,51.98344045,2004_LiDAR,
MB5,25.6672,52.12997062,2004_LiDAR,
MB5,25.7302,54.21814008,2004_LiDAR,
MB5,25.69,55.53257168,2004_LiDAR,
MB5,25.5747,56.95448545,2004_LiDAR,
MB5,25.4858,57.95457162,2004_LiDAR,
MB5,25.4233,59.04839739,2004_LiDAR,
MB5,25.4074,60.38480564,2004_LiDAR,
MB5,25.4913,60.8463415,2004_LiDAR,
MB5,25.4474,62.69515503,2004_LiDAR,
MB5,25.49,63.3863996,2004_LiDAR,
MB5,25.3825,64.52798918,2004_LiDAR,
MB5,25.3058,65.2813807,2004_LiDAR,
MB5,25.345,66.84561317,2004_LiDAR,
MB5,25.2238,68.23786326,2004_LiDAR,
MB5,25.2009,68.97634533,2004_LiDAR,
MB5,25.2277,70.82333902,2004_LiDAR,
MB5,25.2213,71.40449142,2004_LiDAR,
MB5,25.2444,71.68662836,2004_LiDAR,
MB5,25.0096,76.23364462,2004_LiDAR,
MB5,24.9385,79.33519108,2004_LiDAR,
MB5,24.9362,79.44239982,2004_LiDAR,
MB5,24.9336,79.5464801,2004_LiDAR,
MB5,24.9507,80.419259,2004_LiDAR,
MB5,24.9949,83.31738523,2004_LiDAR,
MB5,24.9924,83.56660117,2004_LiDAR,
MB5,24.8057,85.25494687,2004_LiDAR,
MB5,24.7849,85.60924011,2004_LiDAR,
MB5,24.8696,87.26709594,2004_LiDAR,
MB5,24.9388,88.49506047,2004_LiDAR,
MB5,24.8967,90.41017726,2004_LiDAR,
MB5,24.8252,91.09350573,2004_LiDAR,
MB5,24.8561,92.59567997,2004_LiDAR,
MB5,24.7598,95.09078957,2004_LiDAR,
MB5,24.7837,96.04721691,2004_LiDAR,
MB5,24.8178,97.0216557,2004_LiDAR,
MB5,24.8167,98.82461279,2004_LiDAR,
MB5,24.7734,99.86388465,2004_LiDAR,
MB5,24.6872,100.444995,2004_LiDAR,
MB5,24.6256,101.7449748,2004_LiDAR,
MB5,24.6737,104.7635794,2004_LiDAR,
MB5,24.5351,107.9183896,2004_LiDAR,
MB5,24.5336,107.9980268,2004_LiDAR,
MB5,24.5341,108.0082319,2004_LiDAR,
MB5,24.5346,108.028207,2004_LiDAR,
MB5,24.4997,111.0710216,2004_LiDAR,
MB5,24.6318,113.639673,2004_LiDAR,
MB5,24.6621,114.1552613,2004_LiDAR,
MB5,24.6606,114.1919958,2004_LiDAR,
MB5,24.6593,114.2245908,2004_LiDAR,
MB5,24.5846,117.0221747,2004_LiDAR,
MB5,24.5792,117.2805408,2004_LiDAR,
MB5,24.546,120.4136472,2004_LiDAR,
MB5,24.5267,121.07703,2004_LiDAR,
MB5,24.4716,121.6410395,2004_LiDAR,
MB5,24.3754,122.7240243,2004_LiDAR,
MB5,24.3972,123.5432532,2004_LiDAR,
MB5,24.3976,124.6863827,2004_LiDAR,
MB5,24.432,125.4576916,2004_LiDAR,
MB5,24.2489,127.1355007,2004_LiDAR,
MB5,24.1943,127.9222195,2004_LiDAR,
MB5,24.1409,129.6492085,2004_LiDAR,
MB5,24.1655,129.9222284,2004_LiDAR,
MB5,24.1579,130.454776,2004_LiDAR,
MB5,24.2467,131.7592593,2004_LiDAR,
MB5,24.1814,133.4476179,2004_LiDAR,
MB5,24.0605,135.0243191,2004_LiDAR,
MB5,24.0049,136.2339558,2004_LiDAR,
MB5,24.0143,137.9508062,2004_LiDAR,
MB5,24.043,138.6193108,2004_LiDAR,
MB5,23.9604,139.2623342,2004_LiDAR,
MB5,23.8128,141.7343363,2004_LiDAR,
MB5,23.8208,142.2265916,2004_LiDAR,
MB5,23.6775,144.1788341,2004_LiDAR,
MB5,23.6928,145.4799827,2004_LiDAR,
MB5,23.6612,146.1388577,2004_LiDAR,
MB5,23.6548,146.2513997,2004_LiDAR,
MB5,23.4522,147.728126,2004_LiDAR,
MB5,23.4035,148.6361448,2004_LiDAR,
MB5,23.3429,150.1623529,2004_LiDAR,
MB5,23.3352,150.8184653,2004_LiDAR,
MB5,23.2362,153.2146082,2004_LiDAR,
MB5,23.273,154.3140035,2004_LiDAR,
MB5,23.323,155.8237223,2004_LiDAR,
MB5,23.0763,157.6488842,2004_LiDAR,
MB5,23.0596,157.8288922,2004_LiDAR,
MB5,23.0143,158.6929346,2004_LiDAR,
MB5,22.9781,159.3689689,2004_LiDAR,
MB5,22.9709,159.4804571,2004_LiDAR,
MB5,22.9743,159.9365494,2004_LiDAR,
MB5,22.9933,162.8677585,2004_LiDAR,
MB5,22.9282,163.3883309,2004_LiDAR,
MB5,22.822,165.050084,2004_LiDAR,
MB5,22.7816,166.021318,2004_LiDAR,
MB5,22.6261,167.0100377,2004_LiDAR,
MB5,22.4454,168.9572879,2004_LiDAR,
MB5,22.4623,169.3071959,2004_LiDAR,
MB5,22.2235,173.8576554,2004_LiDAR,
MB5,22.1944,174.5159391,2004_LiDAR,
MB5,22.1864,174.579809,2004_LiDAR,
MB5,22.1765,174.6829836,2004_LiDAR,
MB5,21.8458,177.0230924,2004_LiDAR,
MB5,21.8869,178.0967894,2004_LiDAR,
MB5,21.8764,178.7033805,2004_LiDAR,
MB5,21.7721,179.9554892,2004_LiDAR,
MB5,21.5689,182.1832428,2004_LiDAR,
MB5,21.6749,182.751178,2004_LiDAR,
MB5,21.6453,184.4915371,2004_LiDAR,
MB5,21.6378,184.7433721,2004_LiDAR,
MB5,21.5865,185.3087026,2004_LiDAR,
MB5,21.4682,186.6090499,2004_LiDAR,
MB5,21.2989,188.0629663,2004_LiDAR,
MB5,21.2487,188.2322692,2004_LiDAR,
MB5,21.1074,188.5269636,2004_LiDAR,
MB5,20.8435,189.4882121,2004_LiDAR,
MB5,20.7054,189.8135356,2004_LiDAR,
MB5,20.1288,191.6190991,2004_LiDAR,
MB5,19.4553,192.8780422,2004_LiDAR,
MB5,18.9094,193.6580094,2004_LiDAR,
MB5,18.4547,194.3157953,2004_LiDAR,
MB5,18.4451,195.8356327,2004_LiDAR,
MB5,17.8828,197.6940195,2004_LiDAR,
MB5,17.0816,201.924191,2004_LiDAR,
MB5,17.0468,202.0420131,2004_LiDAR,
MB5,17.0446,202.0611769,2004_LiDAR,
MB5,17.0321,202.0883642,2004_LiDAR,
MB5,16.9774,202.2074742,2004_LiDAR,
MB5,15.4387,205.309834,2004_LiDAR,
MB5,15.0275,205.9156999,2004_LiDAR,
MB5,13.8119,207.1853509,2004_LiDAR,
MB5,13.7087,207.5676276,2004_LiDAR,
MB5,12.5816,209.023531,2004_LiDAR,
MB5,11.9805,209.781484,2004_LiDAR,
MB5,11.7855,210.0418857,2004_LiDAR,
MB5,11.1572,210.626369,2004_LiDAR,
MB5,11.1354,211.2030247,2004_LiDAR,
MB5,11.5321,213.2431353,2004_LiDAR,
MB5,11.0044,216.2688102,2004_LiDAR,
MB5,10.9868,216.3989127,2004_LiDAR,
MB5,10.4455,219.4984392,2004_LiDAR,
MB5,9.5964,221.1977741,2004_LiDAR,
MB5,9.8177,222.9306135,2004_LiDAR,
MB5,10.0212,226.439301,2004_LiDAR,
MB5,9.7353,228.2247786,2004_LiDAR,
MB5,9.9897,232.7895669,2004_LiDAR,
MB5,10.0273,233.3827958,2004_LiDAR,
MB5,9.8799,235.0786844,2004_LiDAR,
MB5,9.7585,236.8361647,2004_LiDAR,
MB5,9.6051,238.2106922,2004_LiDAR,
MB5,9.4533,238.6853318,2004_LiDAR,
MB5,8.9848,240.0128745,2004_LiDAR,
MB5,8.1011,242.4912529,2004_LiDAR,
MB5,7.6398,243.9950765,2004_LiDAR,
MB5,7.4167,245.1052869,2004_LiDAR,
MB5,7.1033,245.8653842,2004_LiDAR,
MB5,6.9585,246.8115739,2004_LiDAR,
MB5,6.0258,249.1162262,2004_LiDAR,
MB5,5.8459,249.6535141,2004_LiDAR,
MB5,5.8959,250.6523494,2004_LiDAR,
MB5,5.9366,253.6461876,2004_LiDAR,
MB5,5.8863,256.959688,2004_LiDAR,
MB5,5.8835,257.0328966,2004_LiDAR,
MB5,5.8836,257.0776307,2004_LiDAR,
MB5,5.8973,257.2849466,2004_LiDAR,
MB5,6.1186,259.999132,2004_LiDAR,
MB5,6.0974,260.4114557,2004_LiDAR,
MB5,6.281,261.1663144,2004_LiDAR,
MB5,6.4568,262.0985883,2004_LiDAR,
MB5,6.3878,265.3664373,2004_LiDAR,
MB5,6.4005,266.328564,2004_LiDAR,
MB5,6.3273,267.5232466,2004_LiDAR,
MB5,6.324,268.9000275,2004_LiDAR,
MB5,6.2258,270.7255924,2004_LiDAR,
MB5,6.2093,271.5201313,2004_LiDAR,
MB5,6.1087,275.84853,2004_LiDAR,
MB5,6.1443,276.4036944,2004_LiDAR,
MB5,6.0172,277.402258,2004_LiDAR,
MB5,5.9533,277.8253778,2004_LiDAR,
MB5,6.035,278.8311618,2004_LiDAR,
MB5,6.0564,279.3795886,2004_LiDAR,
MB5,5.9593,280.3651406,2004_LiDAR,
MB5,5.8374,281.616871,2004_LiDAR,
MB5,5.723,285.2971127,2004_LiDAR,
MB5,5.7065,285.4012737,2004_LiDAR,
MB5,5.708,285.4804643,2004_LiDAR,
MB5,5.521,289.6470772,2004_LiDAR,
MB5,5.5308,290.5760691,2004_LiDAR,
MB5,5.556,293.246632,2004_LiDAR,
MB5,5.5819,294.4993569,2004_LiDAR,
MB5,5.5634,295.4289544,2004_LiDAR,
MB5,5.2844,300.3766378,2004_LiDAR,
MB5,5.3355,302.3028591,2004_LiDAR,
MB5,5.3404,302.9380237,2004_LiDAR,
MB5,5.2408,304.4179079,2004_LiDAR,
MB5,5.3007,306.2566527,2004_LiDAR,
MB5,5.2844,306.4728688,2004_LiDAR,
MB5,5.2481,306.5654581,2004_LiDAR,
MB5,4.4461,309.5906778,2004_LiDAR,
MB5,4.4185,309.9868655,2004_LiDAR,
MB5,4.013,311.4354278,2004_LiDAR,
MB5,3.9789,311.5300226,2004_LiDAR,
MB5,3.9625,311.6140593,2004_LiDAR,
MB5,3.9121,311.9501912,2004_LiDAR,
MB5,3.4699,314.9920793,2004_LiDAR,
MB5,3.4424,315.7035684,2004_LiDAR,
MB5,3.2338,316.9324724,2004_LiDAR,
MB5,3.1487,318.1459948,2004_LiDAR,
MB5,3.0521,319.8625755,2004_LiDAR,
MB5,3.0371,320.2822637,2004_LiDAR,
MB5,2.9224,321.9731784,2004_LiDAR,
MB5,2.7265,323.0259937,2004_LiDAR,
MB5,2.7297,323.6764019,2004_LiDAR,
MB5,2.712,324.9864352,2004_LiDAR,
MB5,2.631,325.6788472,2004_LiDAR,
MB5,2.5698,326.1046833,2004_LiDAR,
MB5,2.3629,327.726721,2004_LiDAR,
MB5,2.1729,329.3898524,2004_LiDAR,
MB5,2.074,329.8092151,2004_LiDAR,
MB5,2.0159,330.7956735,2004_LiDAR,
MB5,1.9734,332.0009301,2004_LiDAR,
MB5,1.553,334.7016715,2004_LiDAR,
MB5,1.4895,335.0507263,2004_LiDAR,
MB5,1.5054,335.3195447,2004_LiDAR,
MB5,1.4345,336.3582711,2004_LiDAR,
MB5,1.2852,337.0757759,2004_LiDAR,
MB5,1.2103,337.5993704,2004_LiDAR,
MB5,1.1553,338.6204086,2004_LiDAR,
MB5,1.0065,339.3692251,2004_LiDAR,
MB5,0.6703,342.9412984,2004_LiDAR,
MB5,0.5871,344.0668897,2004_LiDAR,
MB5,0.5051,344.8970397,2004_LiDAR,
MB5,0.4684,345.3976531,2004_LiDAR,
MB5,0.3849,346.5351208,2004_LiDAR,
MB5,0.2225,347.7883656,2004_LiDAR,
,,,,
MB6,15.2042,2.756,2004_LiDAR,
MB6,15.1887,3.197399292,2004_LiDAR,
MB6,15.0934,8.156712587,2004_LiDAR,
MB6,15.1046,8.258273219,2004_LiDAR,
MB6,15.1082,8.3229049,2004_LiDAR,
MB6,15.0961,8.472217806,2004_LiDAR,
MB6,15.1847,10.4755711,2004_LiDAR,
MB6,15.0706,11.71265824,2004_LiDAR,
MB6,15.0592,12.01144491,2004_LiDAR,
MB6,15.086,13.6142256,2004_LiDAR,
MB6,15.0484,13.93718748,2004_LiDAR,
MB6,15.0596,14.16706389,2004_LiDAR,
MB6,14.9594,17.14701562,2004_LiDAR,
MB6,14.8567,18.05404903,2004_LiDAR,
MB6,14.8598,19.41055958,2004_LiDAR,
MB6,14.8075,20.25969294,2004_LiDAR,
MB6,14.5656,22.05453889,2004_LiDAR,
MB6,14.5706,22.17261976,2004_LiDAR,
MB6,14.5642,23.37816313,2004_LiDAR,
MB6,14.5662,24.04727443,2004_LiDAR,
MB6,14.5573,24.23990575,2004_LiDAR,
MB6,14.1907,30.47858125,2004_LiDAR,
MB6,14.1895,32.38713688,2004_LiDAR,
MB6,14.2318,33.67074313,2004_LiDAR,
MB6,14.2301,35.66082272,2004_LiDAR,
MB6,14.2335,35.90945928,2004_LiDAR,
MB6,14.2405,36.83124155,2004_LiDAR,
MB6,14.2366,37.75926828,2004_LiDAR,
MB6,14.2487,37.85392022,2004_LiDAR,
MB6,14.2478,37.93186901,2004_LiDAR,
MB6,14.0538,39.6101633,2004_LiDAR,
MB6,14.2381,41.23059718,2004_LiDAR,
MB6,14.2319,41.87015809,2004_LiDAR,
MB6,14.1857,42.77010256,2004_LiDAR,
MB6,13.9859,46.7491314,2004_LiDAR,
MB6,14.0751,47.17870664,2004_LiDAR,
MB6,14.0279,47.45685903,2004_LiDAR,
MB6,14.0269,51.71371804,2004_LiDAR,
MB6,14.0422,52.89073763,2004_LiDAR,
MB6,14.04,53.03466354,2004_LiDAR,
MB6,14.0262,53.17464888,2004_LiDAR,
MB6,14.0191,54.57505197,2004_LiDAR,
MB6,13.9572,56.10608155,2004_LiDAR,
MB6,13.9712,56.81030107,2004_LiDAR,
MB6,14.0041,57.62238953,2004_LiDAR,
MB6,14.0265,58.32151405,2004_LiDAR,
MB6,14.0547,58.81504507,2004_LiDAR,
MB6,13.9541,60.2193081,2004_LiDAR,
MB6,13.9126,60.81342326,2004_LiDAR,
MB6,13.9139,62.76587827,2004_LiDAR,
MB6,13.9562,65.79245799,2004_LiDAR,
MB6,13.9685,67.07073285,2004_LiDAR,
MB6,13.8371,69.77035875,2004_LiDAR,
MB6,13.7993,70.79598432,2004_LiDAR,
MB6,13.7876,72.20135198,2004_LiDAR,
MB6,13.7985,75.81121624,2004_LiDAR,
MB6,13.8128,77.43253117,2004_LiDAR,
MB6,13.7426,78.09386884,2004_LiDAR,
MB6,13.791,78.76007119,2004_LiDAR,
MB6,13.6132,80.20405465,2004_LiDAR,
MB6,13.6133,80.26019139,2004_LiDAR,
MB6,13.611,80.56295345,2004_LiDAR,
MB6,13.6153,81.91062549,2004_LiDAR,
MB6,13.6155,82.13380335,2004_LiDAR,
MB6,13.5896,82.76026298,2004_LiDAR,
MB6,13.5561,85.25821998,2004_LiDAR,
MB6,13.4898,86.10490271,2004_LiDAR,
MB6,13.5549,87.88813793,2004_LiDAR,
MB6,13.4238,93.16364535,2004_LiDAR,
MB6,13.4172,93.65204296,2004_LiDAR,
MB6,13.4213,93.74896249,2004_LiDAR,
MB6,13.4192,94.02708207,2004_LiDAR,
MB6,13.4896,96.44560813,2004_LiDAR,
MB6,13.517,97.21718666,2004_LiDAR,
MB6,13.5015,98.98477138,2004_LiDAR,
MB6,13.4152,99.52936753,2004_LiDAR,
MB6,13.4428,101.0787223,2004_LiDAR,
MB6,13.541,103.4487065,2004_LiDAR,
MB6,13.5365,104.380026,2004_LiDAR,
MB6,13.4435,105.6984244,2004_LiDAR,
MB6,13.4971,106.7621407,2004_LiDAR,
MB6,13.4357,107.397008,2004_LiDAR,
MB6,13.411,108.530477,2004_LiDAR,
MB6,13.4435,109.3044566,2004_LiDAR,
MB6,13.3506,112.8812117,2004_LiDAR,
MB6,13.3172,113.8554323,2004_LiDAR,
MB6,13.3043,114.0114553,2004_LiDAR,
MB6,13.3094,114.4479221,2004_LiDAR,
MB6,13.2663,115.1304664,2004_LiDAR,
MB6,13.1766,116.6365672,2004_LiDAR,
MB6,13.2046,117.4613798,2004_LiDAR,
MB6,13.1743,120.2689741,2004_LiDAR,
MB6,13.2116,121.0682338,2004_LiDAR,
MB6,13.1647,121.6010468,2004_LiDAR,
MB6,13.1207,122.2978482,2004_LiDAR,
MB6,13.0363,124.9667647,2004_LiDAR,
MB6,13.0083,126.4259783,2004_LiDAR,
MB6,13.0578,128.5280603,2004_LiDAR,
MB6,13.141,130.2072926,2004_LiDAR,
MB6,13.0722,131.8083297,2004_LiDAR,
MB6,13.0566,132.8614665,2004_LiDAR,
MB6,12.9772,134.4199656,2004_LiDAR,
MB6,12.9483,134.7529734,2004_LiDAR,
MB6,13.0883,136.6175841,2004_LiDAR,
MB6,13.0846,136.6901007,2004_LiDAR,
MB6,13.0372,139.9215595,2004_LiDAR,
MB6,13.0455,140.5221257,2004_LiDAR,
MB6,12.9876,142.2425554,2004_LiDAR,
MB6,12.9187,143.7514153,2004_LiDAR,
MB6,12.9099,144.057402,2004_LiDAR,
MB6,12.9147,147.6436818,2004_LiDAR,
MB6,12.8961,148.0624925,2004_LiDAR,
MB6,12.8566,149.0963673,2004_LiDAR,
MB6,12.681,151.7009711,2004_LiDAR,
MB6,12.5893,154.9784353,2004_LiDAR,
MB6,12.5951,155.9081828,2004_LiDAR,
MB6,12.5809,156.3665467,2004_LiDAR,
MB6,12.556,156.6821679,2004_LiDAR,
MB6,12.5561,156.8986529,2004_LiDAR,
MB6,12.6337,161.8975571,2004_LiDAR,
MB6,12.6079,162.1834656,2004_LiDAR,
MB6,12.6272,162.6589668,2004_LiDAR,
MB6,12.4933,166.0013239,2004_LiDAR,
MB6,12.4902,166.05161,2004_LiDAR,
MB6,12.5442,166.5844585,2004_LiDAR,
MB6,12.6429,167.5226917,2004_LiDAR,
MB6,12.6394,167.6233758,2004_LiDAR,
MB6,12.6436,167.7340242,2004_LiDAR,
MB6,12.6207,168.667277,2004_LiDAR,
MB6,12.664,170.3013727,2004_LiDAR,
MB6,12.696,170.6141217,2004_LiDAR,
MB6,12.6914,170.8299054,2004_LiDAR,
MB6,12.5849,172.5490647,2004_LiDAR,
MB6,12.5838,173.6648634,2004_LiDAR,
MB6,12.4555,176.1559245,2004_LiDAR,
MB6,12.459,176.2237556,2004_LiDAR,
MB6,12.4524,176.3582826,2004_LiDAR,
MB6,12.5542,180.1008295,2004_LiDAR,
MB6,12.6053,181.5570141,2004_LiDAR,
MB6,12.6039,183.1920855,2004_LiDAR,
MB6,12.5178,184.318109,2004_LiDAR,
MB6,12.5347,184.9628464,2004_LiDAR,
MB6,12.5851,186.0507182,2004_LiDAR,
MB6,12.4549,189.0293073,2004_LiDAR,
MB6,12.3726,192.9322209,2004_LiDAR,
MB6,12.376,193.5332738,2004_LiDAR,
MB6,12.3653,193.6737746,2004_LiDAR,
MB6,12.5046,196.6696392,2004_LiDAR,
MB6,12.5319,197.6309965,2004_LiDAR,
MB6,12.4832,200.9499037,2004_LiDAR,
MB6,12.486,201.0385569,2004_LiDAR,
MB6,12.4739,201.2036689,2004_LiDAR,
MB6,12.4295,201.6690384,2004_LiDAR,
MB6,12.3148,203.2727255,2004_LiDAR,
MB6,12.3394,203.6985765,2004_LiDAR,
MB6,12.3855,205.6407612,2004_LiDAR,
MB6,12.4474,206.4051814,2004_LiDAR,
MB6,12.3467,209.5775414,2004_LiDAR,
MB6,12.3197,210.5568408,2004_LiDAR,
MB6,12.3324,210.7474425,2004_LiDAR,
MB6,12.3027,211.7367521,2004_LiDAR,
MB6,12.2767,214.5358463,2004_LiDAR,
MB6,12.2026,215.637178,2004_LiDAR,
MB6,12.2775,216.9693654,2004_LiDAR,
MB6,12.2758,217.6803705,2004_LiDAR,
MB6,12.1614,219.2940706,2004_LiDAR,
MB6,12.2925,220.4185741,2004_LiDAR,
MB6,12.3233,221.1110876,2004_LiDAR,
MB6,12.3225,221.2823714,2004_LiDAR,
MB6,12.3352,221.7591329,2004_LiDAR,
MB6,12.2718,224.1844149,2004_LiDAR,
MB6,12.2646,225.7984946,2004_LiDAR,
MB6,12.2694,226.8594964,2004_LiDAR,
MB6,12.1867,227.6766841,2004_LiDAR,
MB6,11.6271,228.6950661,2004_LiDAR,
MB6,11.5375,232.309188,2004_LiDAR,
MB6,11.4111,232.8230214,2004_LiDAR,
MB6,11.227,233.3119076,2004_LiDAR,
MB6,9.6709,235.1436865,2004_LiDAR,
MB6,9.1727,235.7102196,2004_LiDAR,
MB6,8.6092,237.0886349,2004_LiDAR,
MB6,7.4405,241.5702915,2004_LiDAR,
MB6,6.9646,242.4743,2004_LiDAR,
MB6,6.8214,243.3684219,2004_LiDAR,
MB6,6.5333,246.5249881,2004_LiDAR,
MB6,6.4871,247.8270428,2004_LiDAR,
MB6,6.3409,250.1648546,2004_LiDAR,
MB6,6.2806,251.5493943,2004_LiDAR,
MB6,6.0168,252.4370499,2004_LiDAR,
MB6,5.6541,253.8845455,2004_LiDAR,
MB6,5.5236,255.8072133,2004_LiDAR,
MB6,5.5223,255.9090624,2004_LiDAR,
MB6,5.2275,257.2657907,2004_LiDAR,
MB6,5.1373,257.6960991,2004_LiDAR,
MB6,5.1152,257.800068,2004_LiDAR,
MB6,5.1151,257.8274302,2004_LiDAR,
MB6,5.5695,259.6747499,2004_LiDAR,
MB6,5.581,260.0872064,2004_LiDAR,
MB6,5.5728,260.4772109,2004_LiDAR,
MB6,5.5784,262.4747001,2004_LiDAR,
MB6,5.5836,262.6440534,2004_LiDAR,
MB6,5.5686,263.8317232,2004_LiDAR,
MB6,5.2316,266.022379,2004_LiDAR,
MB6,4.9697,267.5276476,2004_LiDAR,
MB6,4.7457,270.5341904,2004_LiDAR,
MB6,4.6758,271.3237468,2004_LiDAR,
MB6,4.541,271.6754289,2004_LiDAR,
MB6,4.3199,273.8134976,2004_LiDAR,
MB6,4.2117,275.4660136,2004_LiDAR,
MB6,4.1226,276.0890944,2004_LiDAR,
MB6,4.2101,278.3563516,2004_LiDAR,
MB6,4.21,278.3921984,2004_LiDAR,
MB6,4.2086,278.4338337,2004_LiDAR,
MB6,3.931,280.9534703,2004_LiDAR,
MB6,3.931,282.3556391,2004_LiDAR,
MB6,4.1411,284.0683496,2004_LiDAR,
MB6,4.1624,284.2633633,2004_LiDAR,
MB6,4.1471,284.5395426,2004_LiDAR,
MB6,4.1898,287.9223068,2004_LiDAR,
MB6,4.1895,288.1393701,2004_LiDAR,
MB6,4.1906,288.1470727,2004_LiDAR,
MB6,4.1819,288.1757133,2004_LiDAR,
MB6,3.9897,288.5768119,2004_LiDAR,
MB6,4.0194,289.4505612,2004_LiDAR,
MB6,4.0801,293.5304574,2004_LiDAR,
MB6,3.8323,295.0987635,2004_LiDAR,
MB6,3.5238,297.5983618,2004_LiDAR,
MB6,3.497,298.803956,2004_LiDAR,
MB6,3.4725,299.5216885,2004_LiDAR,
MB6,3.365,300.2114891,2004_LiDAR,
MB6,3.1615,301.3012471,2004_LiDAR,
MB6,3.1289,302.7245691,2004_LiDAR,
MB6,3.0735,303.8365298,2004_LiDAR,
MB6,2.8746,305.2720635,2004_LiDAR,
MB6,2.8458,305.7286223,2004_LiDAR,
MB6,2.6046,308.1903686,2004_LiDAR,
MB6,2.5084,308.695859,2004_LiDAR,
MB6,2.3913,310.8938287,2004_LiDAR,
MB6,2.391,310.8985513,2004_LiDAR,
MB6,2.3903,310.9029495,2004_LiDAR,
MB6,1.9885,314.4924058,2004_LiDAR,
MB6,1.9851,314.6177782,2004_LiDAR,
MB6,1.9838,314.656298,2004_LiDAR,
MB6,1.7706,316.9392128,2004_LiDAR,
MB6,1.641,318.3737145,2004_LiDAR,
MB6,1.7662,318.5520911,2004_LiDAR,
MB6,1.7555,318.6211582,2004_LiDAR,
MB6,1.6116,319.4364745,2004_LiDAR,
MB6,1.3099,320.2851559,2004_LiDAR,
MB6,1.3117,320.4759834,2004_LiDAR,
MB6,1.2862,321.329452,2004_LiDAR,
MB6,1.2498,322.4156598,2004_LiDAR,
MB6,1.0039,323.3945253,2004_LiDAR,
MB6,0.9376,324.918145,2004_LiDAR,
MB6,0.7548,327.0154084,2004_LiDAR,
MB6,0.6464,327.6799137,2004_LiDAR,
MB6,0.6671,328.987903,2004_LiDAR,
MB6,0.6109,329.7050865,2004_LiDAR,
MB6,0.4378,330.3441924,2004_LiDAR,
MB6,0.401,331.3813566,2004_LiDAR,
MB6,0.3739,332.2308863,2004_LiDAR,
MB6,0.1335,333.8997097,2004_LiDAR,
MB6,-0.0996,335.7367048,2004_LiDAR,
MB6,-0.2958,337.0734133,2004_LiDAR,
MB6,-0.3241,337.5880898,2004_LiDAR,
MB6,-0.3368,337.6624513,2004_LiDAR,
,,,,
MB7,5.5118,4.567,2004_LiDAR,
MB7,5.4908,5.055074435,2004_LiDAR,
MB7,5.4975,5.563762503,2004_LiDAR,
MB7,5.2816,7.314124856,2004_LiDAR,
MB7,5.2344,7.716906247,2004_LiDAR,
MB7,5.2201,8.371205386,2004_LiDAR,
MB7,5.2331,9.83573749,2004_LiDAR,
MB7,5.1738,11.00776909,2004_LiDAR,
MB7,5.1677,12.53743876,2004_LiDAR,
MB7,5.1787,13.43894963,2004_LiDAR,
MB7,5.0788,14.12246067,2004_LiDAR,
MB7,5.0302,14.72512858,2004_LiDAR,
MB7,4.8451,15.84762366,2004_LiDAR,
MB7,4.8572,16.25283545,2004_LiDAR,
MB7,4.9599,17.75018564,2004_LiDAR,
MB7,4.7313,20.77745938,2004_LiDAR,
MB7,4.6573,21.77397724,2004_LiDAR,
MB7,4.6436,21.85684006,2004_LiDAR,
MB7,4.5731,22.32589455,2004_LiDAR,
MB7,4.3291,23.90498241,2004_LiDAR,
MB7,4.267,24.10512859,2004_LiDAR,
MB7,3.8074,24.98980329,2004_LiDAR,
MB7,3.6006,25.40268435,2004_LiDAR,
MB7,3.5647,25.48273317,2004_LiDAR,
MB7,3.0953,28.90073197,2004_LiDAR,
MB7,2.9938,29.50536571,2004_LiDAR,
MB7,2.9613,30.0754051,2004_LiDAR,
MB7,2.8873,31.40284551,2004_LiDAR,
MB7,2.8705,33.38136397,2004_LiDAR,
MB7,2.8776,34.38963889,2004_LiDAR,
MB7,3.0149,35.64903606,2004_LiDAR,
MB7,2.0998,40.37265411,2004_LiDAR,
MB7,2.0722,41.46946859,2004_LiDAR,
MB7,2.1415,43.38323,2004_LiDAR,
MB7,2.346,44.85279718,2004_LiDAR,
MB7,2.3724,45.52029522,2004_LiDAR,
MB7,2.3474,45.74384442,2004_LiDAR,
MB7,2.5059,49.25764548,2004_LiDAR,
MB7,2.5039,49.36497738,2004_LiDAR,
MB7,3.0755,50.76283836,2004_LiDAR,
MB7,2.1931,51.17701646,2004_LiDAR,
MB7,2.0079,52.76289449,2004_LiDAR,
MB7,1.9953,53.032519,2004_LiDAR,
MB7,2.0588,53.21922158,2004_LiDAR,
MB7,2.0253,55.0541283,2004_LiDAR,
MB7,2.0274,55.08077412,2004_LiDAR,
MB7,2.0259,55.08166003,2004_LiDAR,
MB7,2.027,55.08325443,2004_LiDAR,
MB7,2.627,56.72564657,2004_LiDAR,
MB7,2.6396,56.80844964,2004_LiDAR,
MB7,2.6094,56.90561213,2004_LiDAR,
MB7,2.651,56.98018609,2004_LiDAR,
MB7,2.7842,58.8732569,2004_LiDAR,
MB7,3.1272,60.36661962,2004_LiDAR,
MB7,3.1177,60.41670251,2004_LiDAR,
MB7,3.1319,60.44448464,2004_LiDAR,
MB7,2.6861,60.92786186,2004_LiDAR,
MB7,2.5617,61.11861123,2004_LiDAR,
MB7,2.8062,62.07579196,2004_LiDAR,
MB7,2.7903,62.55811621,2004_LiDAR,
MB7,2.8283,62.61317822,2004_LiDAR,
MB7,2.562,63.63985163,2004_LiDAR,
MB7,2.6498,64.21528912,2004_LiDAR,
MB7,2.5317,65.43605535,2004_LiDAR,
MB7,2.5189,65.71959245,2004_LiDAR,
MB7,2.5901,66.6488665,2004_LiDAR,
MB7,2.6455,67.43316741,2004_LiDAR,
MB7,2.547,68.13182806,2004_LiDAR,
MB7,2.4311,69.26967917,2004_LiDAR,
MB7,2.4026,69.55983995,2004_LiDAR,
MB7,2.4154,70.90573711,2004_LiDAR,
MB7,2.4052,71.81636789,2004_LiDAR,
MB7,2.368,72.17816563,2004_LiDAR,
MB7,2.376,74.27996933,2004_LiDAR,
MB7,2.4749,77.04528197,2004_LiDAR,
MB7,2.4709,78.82198093,2004_LiDAR,
MB7,2.3857,79.76409421,2004_LiDAR,
MB7,2.3887,79.83765674,2004_LiDAR,
MB7,2.3729,80.30393167,2004_LiDAR,
MB7,2.3495,81.58617113,2004_LiDAR,
MB7,2.3453,81.65102171,2004_LiDAR,
MB7,2.336,81.77651278,2004_LiDAR,
MB7,2.539,84.01800584,2004_LiDAR,
MB7,2.5958,85.48412034,2004_LiDAR,
MB7,2.5803,85.95241808,2004_LiDAR,
MB7,2.476,86.42583234,2004_LiDAR,
MB7,2.4634,89.09322213,2004_LiDAR,
MB7,2.408,92.35410462,2004_LiDAR,
MB7,2.4734,95.25010566,2004_LiDAR,
MB7,2.5869,97.1012621,2004_LiDAR,
MB7,2.5163,98.04734876,2004_LiDAR,
MB7,2.4496,99.22499326,2004_LiDAR,
MB7,2.5505,104.1461779,2004_LiDAR,
MB7,2.5616,104.5928262,2004_LiDAR,
MB7,2.5757,104.7916667,2004_LiDAR,
MB7,2.7525,106.7567433,2004_LiDAR,
MB7,2.7402,107.0429086,2004_LiDAR,
MB7,2.7749,107.2715289,2004_LiDAR,
MB7,2.8305,109.2328484,2004_LiDAR,
MB7,2.7504,110.9860221,2004_LiDAR,
MB7,2.7447,111.0495964,2004_LiDAR,
MB7,2.7395,111.15886,2004_LiDAR,
MB7,2.779,111.2764883,2004_LiDAR,
MB7,2.8699,111.9513941,2004_LiDAR,
MB7,2.8924,112.2858228,2004_LiDAR,
MB7,2.8452,114.7880376,2004_LiDAR,
MB7,2.866,115.3223452,2004_LiDAR,
MB7,2.8589,117.0815299,2004_LiDAR,
MB7,2.8064,117.6392415,2004_LiDAR,
MB7,2.8441,118.2843367,2004_LiDAR,
MB7,2.8636,120.8018281,2004_LiDAR,
MB7,2.8111,121.7809589,2004_LiDAR,
MB7,2.8851,122.9625938,2004_LiDAR,
MB7,2.8215,123.5405902,2004_LiDAR,
MB7,2.832,123.7508964,2004_LiDAR,
MB7,2.9351,124.5599124,2004_LiDAR,
MB7,2.8933,125.1544944,2004_LiDAR,
MB7,2.8911,128.9135419,2004_LiDAR,
MB7,3.0052,131.0274389,2004_LiDAR,
MB7,3.0745,132.1036425,2004_LiDAR,
MB7,2.9756,132.8109973,2004_LiDAR,
MB7,2.9364,134.2641746,2004_LiDAR,
MB7,2.9822,136.524071,2004_LiDAR,
MB7,3.0748,137.5687962,2004_LiDAR,
MB7,3.1257,139.4821698,2004_LiDAR,
MB7,3.1371,140.090636,2004_LiDAR,
MB7,3.1729,141.4905365,2004_LiDAR,
MB7,3.2421,142.1821373,2004_LiDAR,
MB7,3.1781,142.9678291,2004_LiDAR,
MB7,3.2419,145.2484776,2004_LiDAR,
MB7,3.2258,146.560335,2004_LiDAR,
MB7,3.2484,146.895644,2004_LiDAR,
MB7,3.1269,148.3682201,2004_LiDAR,
MB7,3.2157,149.2227823,2004_LiDAR,
MB7,3.3456,149.8288092,2004_LiDAR,
MB7,3.4156,151.1789789,2004_LiDAR,
MB7,3.4523,151.7808215,2004_LiDAR,
MB7,3.4513,152.2172787,2004_LiDAR,
MB7,3.456,155.265165,2004_LiDAR,
MB7,3.4558,155.3652138,2004_LiDAR,
MB7,3.6585,156.9772488,2004_LiDAR,
MB7,3.7909,158.1807875,2004_LiDAR,
MB7,3.7941,159.2980488,2004_LiDAR,
MB7,3.8745,159.7451034,2004_LiDAR,
MB7,4.2778,163.0833966,2004_LiDAR,
MB7,4.3113,163.4044063,2004_LiDAR,
MB7,4.3331,163.6853955,2004_LiDAR,
MB7,4.6095,165.2083539,2004_LiDAR,
MB7,4.6127,166.4132865,2004_LiDAR,
MB7,4.5905,167.3927665,2004_LiDAR,
MB7,4.2617,168.7335965,2004_LiDAR,
MB7,4.1656,169.160891,2004_LiDAR,
MB7,3.9561,170.4105313,2004_LiDAR,
MB7,3.4809,173.4668927,2004_LiDAR,
MB7,3.3869,175.1293823,2004_LiDAR,
MB7,3.3885,175.4056548,2004_LiDAR,
MB7,3.3884,175.8893405,2004_LiDAR,
MB7,3.5091,177.3976039,2004_LiDAR,
MB7,3.53,177.5142959,2004_LiDAR,
MB7,3.5375,177.7571968,2004_LiDAR,
MB7,3.5332,178.8752232,2004_LiDAR,
MB7,3.664,181.1279521,2004_LiDAR,
MB7,3.7006,181.3965821,2004_LiDAR,
MB7,3.6968,181.9731881,2004_LiDAR,
MB7,3.586,185.0730085,2004_LiDAR,
MB7,3.484,186.2867637,2004_LiDAR,
MB7,3.4236,187.0893683,2004_LiDAR,
MB7,3.4671,188.3237816,2004_LiDAR,
MB7,3.5377,189.1711353,2004_LiDAR,
MB7,3.8679,192.069421,2004_LiDAR,
MB7,3.7647,192.7627819,2004_LiDAR,
MB7,3.8202,192.9550904,2004_LiDAR,
MB7,4.485,194.695112,2004_LiDAR,
MB7,4.5938,195.91637,2004_LiDAR,
MB7,4.6736,196.7569498,2004_LiDAR,
MB7,4.9778,198.3051899,2004_LiDAR,
MB7,5.3777,200.0891258,2004_LiDAR,
MB7,5.468,200.5813687,2004_LiDAR,
MB7,5.4896,200.9415338,2004_LiDAR,
MB7,5.6693,202.5914912,2004_LiDAR,
MB7,5.7525,203.3897938,2004_LiDAR,
MB7,5.7338,205.9622746,2004_LiDAR,
MB7,5.6718,206.500692,2004_LiDAR,
MB7,5.6045,208.2065835,2004_LiDAR,
MB7,5.6489,208.8347906,2004_LiDAR,
MB7,5.9492,211.4509378,2004_LiDAR,
MB7,6.0644,212.0725142,2004_LiDAR,
MB7,6.6415,213.4349473,2004_LiDAR,
MB7,7.0253,214.2832616,2004_LiDAR,
MB7,7.1579,215.8519526,2004_LiDAR,
MB7,7.1008,216.4526563,2004_LiDAR,
MB7,6.9061,217.0641299,2004_LiDAR,
MB7,6.6356,218.395306,2004_LiDAR,
MB7,6.4279,219.4904976,2004_LiDAR,
MB7,6.4014,219.9209882,2004_LiDAR,
MB7,6.1255,221.7526085,2004_LiDAR,
MB7,6.3741,222.6822449,2004_LiDAR,
MB7,6.5255,223.6377239,2004_LiDAR,
MB7,6.703,225.8809504,2004_LiDAR,
MB7,6.8221,226.6706567,2004_LiDAR,
MB7,6.6682,227.2634917,2004_LiDAR,
MB7,6.0666,228.3571266,2004_LiDAR,
MB7,5.7387,229.2544356,2004_LiDAR,
MB7,5.229,230.5583287,2004_LiDAR,
MB7,4.8496,231.3835865,2004_LiDAR,
MB7,3.9714,234.3308046,2004_LiDAR,
MB7,3.8916,234.6898654,2004_LiDAR,
MB7,3.7893,235.0936289,2004_LiDAR,
MB7,3.4539,236.4976674,2004_LiDAR,
MB7,3.32,237.4805383,2004_LiDAR,
MB7,3.1402,239.6616521,2004_LiDAR,
MB7,3.0493,240.6528992,2004_LiDAR,
MB7,3.0366,242.8120605,2004_LiDAR,
MB7,2.985,244.0854565,2004_LiDAR,
MB7,3.4714,246.6518868,2004_LiDAR,
MB7,3.5459,247.0809366,2004_LiDAR,
MB7,3.5772,247.2064845,2004_LiDAR,
MB7,3.6846,248.5348388,2004_LiDAR,
MB7,3.7311,249.1204135,2004_LiDAR,
MB7,3.7402,249.1566587,2004_LiDAR,
MB7,4.4168,252.6831796,2004_LiDAR,
MB7,3.6465,255.0774856,2004_LiDAR,
MB7,3.5496,255.3048452,2004_LiDAR,
MB7,3.5148,255.3696987,2004_LiDAR,
MB7,3.3382,255.7944375,2004_LiDAR,
MB7,2.7418,257.2013986,2004_LiDAR,
MB7,2.4157,258.5313062,2004_LiDAR,
MB7,2.2549,259.010469,2004_LiDAR,
MB7,2.1201,260.6937802,2004_LiDAR,
MB7,2.1376,261.4575415,2004_LiDAR,
MB7,2.0853,261.9509262,2004_LiDAR,
MB7,2.0934,263.1037877,2004_LiDAR,
MB7,2.0444,264.5242731,2004_LiDAR,
MB7,2.1436,265.0107169,2004_LiDAR,
MB7,2.3131,266.6889048,2004_LiDAR,
MB7,2.4475,268.3032184,2004_LiDAR,
MB7,2.4522,268.6154913,2004_LiDAR,
MB7,2.5449,269.0955381,2004_LiDAR,
MB7,2.9679,270.3347862,2004_LiDAR,
MB7,3.0227,271.2454746,2004_LiDAR,
MB7,2.9715,272.3805275,2004_LiDAR,
MB7,3.4699,273.0701977,2004_LiDAR,
MB7,3.3648,274.5061903,2004_LiDAR,
MB7,3.2802,276.3828891,2004_LiDAR,
MB7,3.836,280.3593801,2004_LiDAR,
MB7,4.2236,282.4406414,2004_LiDAR,
MB7,4.4124,283.317858,2004_LiDAR,
MB7,4.2987,283.7939443,2004_LiDAR,
MB7,4.3361,284.294811,2004_LiDAR,
MB7,4.3008,284.4226207,2004_LiDAR,
MB7,4.0146,285.2720608,2004_LiDAR,
MB7,3.7492,286.0214267,2004_LiDAR,
MB7,3.7411,286.0840952,2004_LiDAR,
MB7,3.4113,289.110923,2004_LiDAR,
MB7,3.3897,289.9297288,2004_LiDAR,
MB7,4.2603,293.0355115,2004_LiDAR,
MB7,4.2735,293.0810503,2004_LiDAR,
MB7,4.2774,293.0952466,2004_LiDAR,
MB7,4.2907,293.158088,2004_LiDAR,
MB7,4.7406,295.3147566,2004_LiDAR,
MB7,5.3101,296.7732683,2004_LiDAR,
MB7,5.4479,297.0509857,2004_LiDAR,
MB7,5.6679,297.5194274,2004_LiDAR,
MB7,6.9055,300.1370152,2004_LiDAR,
MB7,7.4853,301.6318314,2004_LiDAR,
MB7,7.5403,301.9410484,2004_LiDAR,
MB7,7.3251,303.4621081,2004_LiDAR,
MB7,7.293,303.7388908,2004_LiDAR,
MB7,7.2783,303.7709071,2004_LiDAR,
MB7,7.2636,303.8408275,2004_LiDAR,
MB7,6.8401,305.6036979,2004_LiDAR,
MB7,6.3634,306.9235796,2004_LiDAR,
MB7,6.0852,307.5108465,2004_LiDAR,
MB7,5.8992,307.9863673,2004_LiDAR,
MB7,5.3805,309.1208744,2004_LiDAR,
MB7,4.2656,310.65872,2004_LiDAR,
MB7,3.4254,311.8599261,2004_LiDAR,
MB7,3.2881,312.5243777,2004_LiDAR,
MB7,2.9094,313.6709822,2004_LiDAR,
MB7,2.8727,318.5966079,2004_LiDAR,
MB7,2.9343,334.374951,2004_LiDAR,
MB7,2.8331,336.7217563,2004_LiDAR,
MB7,2.8114,344.8340114,2004_LiDAR,
MB7,3.0776,347.8216645,2004_LiDAR,
MB7,2.8645,351.0409844,2004_LiDAR,
MB7,2.867,351.2768365,2004_LiDAR,
MB7,2.8683,351.3733225,2004_LiDAR,
MB7,2.8599,351.566299,2004_LiDAR,
MB7,2.9365,354.8627927,2004_LiDAR,
MB7,2.947,356.9551516,2004_LiDAR,
MB7,2.9542,357.4809798,2004_LiDAR,
MB7,2.9975,357.6873362,2004_LiDAR,
MB7,3.29,359.798619,2004_LiDAR,
MB7,3.3721,361.5137186,2004_LiDAR,
MB7,3.3325,362.4875614,2004_LiDAR,
MB7,3.1821,364.3048134,2004_LiDAR,
MB7,3.254,365.8789821,2004_LiDAR,
MB7,3.2562,366.2659604,2004_LiDAR,
MB7,3.2696,367.7839316,2004_LiDAR,
MB7,3.2508,367.8514895,2004_LiDAR,
MB7,2.9325,369.1009743,2004_LiDAR,
MB7,2.8925,369.8373255,2004_LiDAR,
MB7,2.8642,371.9074193,2004_LiDAR,
MB7,2.8237,373.4383437,2004_LiDAR,
MB7,2.8403,373.7278113,2004_LiDAR,
MB7,3.1017,376.9312393,2004_LiDAR,
MB7,2.9295,378.5734466,2004_LiDAR,
MB7,2.989,379.0303441,2004_LiDAR,
MB7,3.2469,380.700575,2004_LiDAR,
MB7,3.2345,381.0839747,2004_LiDAR,
MB7,3.31,382.8184336,2004_LiDAR,
MB7,3.499,384.604196,2004_LiDAR,
MB7,3.528,386.4661407,2004_LiDAR,
MB7,3.5213,386.5695116,2004_LiDAR,
MB7,4.0717,388.0668283,2004_LiDAR,
MB7,4.4598,389.7553247,2004_LiDAR,
MB7,4.5118,390.247985,2004_LiDAR,
MB7,4.5126,390.5615223,2004_LiDAR,
MB7,4.6441,391.076167,2004_LiDAR,
MB7,4.746,392.045784,2004_LiDAR,
MB7,4.6028,392.488985,2004_LiDAR,
MB7,4.5433,395.9474768,2004_LiDAR,
MB7,4.5446,395.9875253,2004_LiDAR,
MB7,4.5539,396.0252849,2004_LiDAR,
MB7,4.3912,401.2967971,2004_LiDAR,
MB7,4.7444,403.1001414,2004_LiDAR,
MB7,4.6749,404.691354,2004_LiDAR,
MB7,4.6892,405.7640094,2004_LiDAR,
MB7,5.3028,410.3584605,2004_LiDAR,
MB7,5.3252,411.283349,2004_LiDAR,
MB7,5.3787,411.4709775,2004_LiDAR,
MB7,5.4093,411.6638992,2004_LiDAR,
MB7,5.9006,414.0015227,2004_LiDAR,
MB7,6.1364,415.056447,2004_LiDAR,
MB7,6.1833,415.3022703,2004_LiDAR,
MB7,6.1431,415.5104517,2004_LiDAR,
MB7,6.218,419.8290574,2004_LiDAR,
MB7,6.1249,421.3041837,2004_LiDAR,
MB7,6.0228,421.6569356,2004_LiDAR,
MB7,5.5884,422.66528,2004_LiDAR,
MB7,5.3206,423.8594899,2004_LiDAR,
MB7,4.9433,425.2442509,2004_LiDAR,
MB7,4.9381,425.4024427,2004_LiDAR,
MB7,4.9348,425.4520902,2004_LiDAR,
MB7,4.9021,425.5539688,2004_LiDAR,
MB7,4.6314,427.6582503,2004_LiDAR,
MB7,4.4241,429.2689274,2004_LiDAR,
MB7,4.2339,429.791412,2004_LiDAR,
MB7,3.426,432.7725689,2004_LiDAR,
MB7,3.408,432.8620701,2004_LiDAR,
MB7,3.3984,432.9171608,2004_LiDAR,
MB7,2.5984,436.7201444,2004_LiDAR,
MB7,2.528,438.2286685,2004_LiDAR,
MB7,2.5033,438.8683322,2004_LiDAR,
MB7,2.4825,439.5372283,2004_LiDAR,
MB7,2.3661,441.4527129,2004_LiDAR,
MB7,2.1972,442.3865198,2004_LiDAR,
MB7,2.1547,443.8824842,2004_LiDAR,
MB7,2.1755,444.7078259,2004_LiDAR,
MB7,2.1035,445.1119456,2004_LiDAR,
MB7,1.9295,446.6774428,2004_LiDAR,
MB7,1.8047,447.9264967,2004_LiDAR,
MB7,1.7614,448.5638805,2004_LiDAR,
MB7,1.7841,449.9086944,2004_LiDAR,
MB7,1.7197,451.1743553,2004_LiDAR,
MB7,1.4984,452.4347803,2004_LiDAR,
MB7,1.465,452.577976,2004_LiDAR,
MB7,1.4363,452.9008393,2004_LiDAR,
MB7,1.1255,456.6024994,2004_LiDAR,
MB7,1.0962,459.0655205,2004_LiDAR,
MB7,1.0959,459.3238933,2004_LiDAR,
MB7,1.0552,459.9123972,2004_LiDAR,
MB7,0.8388,462.1550602,2004_LiDAR,
MB7,0.8132,462.8496982,2004_LiDAR,
MB7,0.6728,464.2472178,2004_LiDAR,
MB7,0.6489,465.0377306,2004_LiDAR,
MB7,0.6361,465.6788761,2004_LiDAR,
MB7,0.6292,466.204985,2004_LiDAR,
MB7,0.5922,467.9390041,2004_LiDAR,
MB7,0.589,468.1651249,2004_LiDAR,
MB7,0.5796,468.3243035,2004_LiDAR,
MB7,0.3723,471.8658542,2004_LiDAR,
MB7,0.3944,473.0455411,2004_LiDAR,
MB7,0.2594,474.3660222,2004_LiDAR,
MB7,0.1789,475.9457092,2004_LiDAR,
MB7,0.2654,477.4356161,2004_LiDAR,
MB7,0.147,488.7103865,2004_LiDAR,
MB7,0.0312,492.2400841,2004_LiDAR,
MB7,0.02,494.5503127,2004_LiDAR,
MB7,0.018,494.7402936,2004_LiDAR,
,,,,
MB8,4.8994,-1.039,2004_LiDAR,
MB8,5.0148,-0.293690063,2004_LiDAR,
MB8,5.0112,0.270010775,2004_LiDAR,
MB8,5.0195,1.216801376,2004_LiDAR,
MB8,5.272,3.411094015,2004_LiDAR,
MB8,5.5686,5.705821727,2004_LiDAR,
MB8,5.5907,6.098539971,2004_LiDAR,
MB8,5.8355,8.422586208,2004_LiDAR,
MB8,5.896,8.995821513,2004_LiDAR,
MB8,5.91,9.146847056,2004_LiDAR,
MB8,5.9086,9.237794591,2004_LiDAR,
MB8,5.611,11.83587416,2004_LiDAR,
MB8,5.5294,12.804597,2004_LiDAR,
MB8,5.536,13.84656443,2004_LiDAR,
MB8,5.3772,14.89808514,2004_LiDAR,
MB8,5.4003,15.42460086,2004_LiDAR,
MB8,4.9325,18.15103981,2004_LiDAR,
MB8,4.9135,18.39309098,2004_LiDAR,
MB8,4.8694,18.5666765,2004_LiDAR,
MB8,5.2175,20.03442699,2004_LiDAR,
MB8,5.2917,20.23815048,2004_LiDAR,
MB8,5.303,20.38535625,2004_LiDAR,
MB8,5.6125,23.95352366,2004_LiDAR,
MB8,5.6042,24.62429615,2004_LiDAR,
MB8,5.7107,26.93664312,2004_LiDAR,
MB8,5.8266,27.53222726,2004_LiDAR,
MB8,5.831,28.04911366,2004_LiDAR,
MB8,5.923,28.68178396,2004_LiDAR,
MB8,5.9757,29.54992848,2004_LiDAR,
MB8,6.1876,30.89830088,2004_LiDAR,
MB8,6.3122,31.44134615,2004_LiDAR,
MB8,6.7532,34.08869716,2004_LiDAR,
MB8,6.8315,34.50016117,2004_LiDAR,
MB8,7.0258,35.28922977,2004_LiDAR,
MB8,8.3211,39.42233241,2004_LiDAR,
MB8,8.4005,39.91500847,2004_LiDAR,
MB8,8.4733,40.46693377,2004_LiDAR,
MB8,9.0485,42.05018096,2004_LiDAR,
MB8,9.542,43.41656241,2004_LiDAR,
MB8,9.9725,44.45625652,2004_LiDAR,
MB8,10.0277,44.56359247,2004_LiDAR,
MB8,10.1573,44.76845559,2004_LiDAR,
MB8,10.8395,46.00622058,2004_LiDAR,
MB8,11.4121,47.19057479,2004_LiDAR,
MB8,11.6045,47.8903733,2004_LiDAR,
MB8,11.7311,48.60745522,2004_LiDAR,
MB8,13.1673,52.34050274,2004_LiDAR,
MB8,13.2232,52.49500519,2004_LiDAR,
MB8,13.3103,52.76974577,2004_LiDAR,
MB8,13.4787,54.31843373,2004_LiDAR,
MB8,13.489,54.56183557,2004_LiDAR,
MB8,13.5241,54.76014972,2004_LiDAR,
MB8,13.838,56.55081078,2004_LiDAR,
MB8,13.8357,56.63164785,2004_LiDAR,
MB8,13.9155,57.15523536,2004_LiDAR,
MB8,14.2775,59.46767098,2004_LiDAR,
MB8,14.4209,60.27490764,2004_LiDAR,
MB8,14.5769,63.27958648,2004_LiDAR,
MB8,14.5963,63.53860257,2004_LiDAR,
MB8,14.8295,65.23939101,2004_LiDAR,
MB8,14.8361,65.42252561,2004_LiDAR,
MB8,14.8833,67.84856893,2004_LiDAR,
MB8,14.9696,69.30158943,2004_LiDAR,
MB8,15.1437,70.99085937,2004_LiDAR,
MB8,15.2882,73.02121415,2004_LiDAR,
MB8,15.4256,73.84393105,2004_LiDAR,
MB8,15.5284,76.28133201,2004_LiDAR,
MB8,15.5385,76.56177307,2004_LiDAR,
MB8,15.5478,76.86074761,2004_LiDAR,
MB8,15.4517,78.49523169,2004_LiDAR,
MB8,15.4204,78.86262007,2004_LiDAR,
MB8,15.6069,80.45024711,2004_LiDAR,
MB8,15.6698,80.81541507,2004_LiDAR,
MB8,15.7158,82.16840588,2004_LiDAR,
MB8,15.6991,82.60163489,2004_LiDAR,
MB8,15.6383,82.89929067,2004_LiDAR,
MB8,15.825,84.2578022,2004_LiDAR,
MB8,15.9369,85.58514944,2004_LiDAR,
MB8,15.9188,86.65321132,2004_LiDAR,
MB8,16.006,87.36256759,2004_LiDAR,
MB8,15.9567,89.02993142,2004_LiDAR,
MB8,15.9716,90.392106,2004_LiDAR,
MB8,15.9784,90.59100027,2004_LiDAR,
MB8,16.0094,90.92703841,2004_LiDAR,
MB8,16.0246,91.52720403,2004_LiDAR,
MB8,16.3589,94.09352931,2004_LiDAR,
MB8,16.3988,94.19511147,2004_LiDAR,
MB8,16.4102,94.4320226,2004_LiDAR,
MB8,16.419,96.75776089,2004_LiDAR,
MB8,16.6097,97.97532233,2004_LiDAR,
MB8,16.6131,98.64155457,2004_LiDAR,
MB8,16.7876,101.4879641,2004_LiDAR,
MB8,16.784,101.6678282,2004_LiDAR,
MB8,16.774,101.7260883,2004_LiDAR,
MB8,16.3463,103.4111386,2004_LiDAR,
MB8,16.1715,103.7005137,2004_LiDAR,
MB8,15.2996,105.1594747,2004_LiDAR,
MB8,15.1271,105.5894168,2004_LiDAR,
MB8,14.71,106.7818956,2004_LiDAR,
MB8,14.4346,107.4291835,2004_LiDAR,
MB8,14.1313,108.1243012,2004_LiDAR,
MB8,13.4354,109.5655605,2004_LiDAR,
MB8,13.2816,110.3505591,2004_LiDAR,
MB8,12.3249,112.4985682,2004_LiDAR,
MB8,11.8845,113.2575546,2004_LiDAR,
MB8,11.8026,113.4957536,2004_LiDAR,
MB8,11.8031,113.747756,2004_LiDAR,
MB8,11.7748,115.3446021,2004_LiDAR,
MB8,11.5073,116.2148644,2004_LiDAR,
MB8,10.9193,118.355588,2004_LiDAR,
MB8,10.6987,118.9562803,2004_LiDAR,
MB8,10.3868,120.0165808,2004_LiDAR,
MB8,8.7496,123.4804329,2004_LiDAR,
MB8,7.976,124.9831755,2004_LiDAR,
MB8,7.8761,125.2802611,2004_LiDAR,
MB8,6.9273,126.7519557,2004_LiDAR,
MB8,6.2178,127.5025412,2004_LiDAR,
MB8,5.5706,128.9182423,2004_LiDAR,
MB8,5.2358,129.6998193,2004_LiDAR,
MB8,5.1151,130.0559291,2004_LiDAR,
MB8,4.8595,130.9681333,2004_LiDAR,
MB8,4.3321,132.6714569,2004_LiDAR,
MB8,4.3527,133.1039465,2004_LiDAR,
MB8,4.2586,133.9874766,2004_LiDAR,
MB8,4.1766,134.8947242,2004_LiDAR,
MB8,4.1301,135.9071937,2004_LiDAR,
MB8,3.8525,138.2965748,2004_LiDAR,
MB8,3.8311,139.7309274,2004_LiDAR,
MB8,3.7757,140.2536979,2004_LiDAR,
MB8,3.6,142.5697081,2004_LiDAR,
MB8,3.5955,144.5873034,2004_LiDAR,
MB8,3.2547,147.5261436,2004_LiDAR,
MB8,3.2502,147.5791513,2004_LiDAR,
MB8,3.3649,151.1115152,2004_LiDAR,
MB8,3.3718,151.4107292,2004_LiDAR,
MB8,3.3481,151.6919009,2004_LiDAR,
MB8,3.157,154.379656,2004_LiDAR,
MB8,3.1901,155.1337431,2004_LiDAR,
MB8,3.1718,156.6918322,2004_LiDAR,
MB8,3.1059,158.4765694,2004_LiDAR,
MB8,3.01,159.4460881,2004_LiDAR,
MB8,3.0413,160.4580011,2004_LiDAR,
MB8,3.0747,161.2937687,2004_LiDAR,
MB8,2.9686,162.0613234,2004_LiDAR,
MB8,2.8622,163.0954523,2004_LiDAR,
MB8,2.6796,164.3048565,2004_LiDAR,
MB8,2.5619,166.6554228,2004_LiDAR,
MB8,2.5849,168.2446186,2004_LiDAR,
MB8,2.6459,168.6345485,2004_LiDAR,
MB8,2.5161,171.5116869,2004_LiDAR,
MB8,2.4015,172.5170013,2004_LiDAR,
MB8,2.4004,172.5652805,2004_LiDAR,
MB8,1.7768,174.0450726,2004_LiDAR,
MB8,1.7268,174.1687776,2004_LiDAR,
MB8,1.8685,174.7388735,2004_LiDAR,
MB8,2.2551,177.0454488,2004_LiDAR,
MB8,2.8774,179.2002414,2004_LiDAR,
MB8,3.0826,180.0542867,2004_LiDAR,
MB8,3.1177,180.4824643,2004_LiDAR,
MB8,3.3865,182.2374216,2004_LiDAR,
MB8,3.587,184.8032591,2004_LiDAR,
MB8,3.662,185.3352002,2004_LiDAR,
MB8,3.8444,186.38841,2004_LiDAR,
MB8,3.979,187.7180483,2004_LiDAR,
MB8,4.112,188.6814909,2004_LiDAR,
MB8,4.1517,189.0267102,2004_LiDAR,
MB8,4.5437,190.750266,2004_LiDAR,
MB8,4.5973,190.9728019,2004_LiDAR,
MB8,4.6346,191.2013723,2004_LiDAR,
MB8,4.7561,194.6255997,2004_LiDAR,
MB8,4.7693,194.733436,2004_LiDAR,
MB8,4.8975,195.4826038,2004_LiDAR,
MB8,4.7751,197.9934111,2004_LiDAR,
MB8,4.837,198.581949,2004_LiDAR,
MB8,4.744,199.5455989,2004_LiDAR,
MB8,4.8,200.2516625,2004_LiDAR,
MB8,4.8526,201.2209355,2004_LiDAR,
MB8,5.069,202.2972214,2004_LiDAR,
MB8,5.4913,205.2497819,2004_LiDAR,
MB8,5.5477,205.777515,2004_LiDAR,
MB8,5.5293,206.0442322,2004_LiDAR,
MB8,5.5309,206.226892,2004_LiDAR,
MB8,5.3537,208.0128861,2004_LiDAR,
MB8,5.2485,208.7027019,2004_LiDAR,
MB8,4.9654,210.6789297,2004_LiDAR,
MB8,5.004,211.5349357,2004_LiDAR,
MB8,4.9091,212.1523572,2004_LiDAR,
MB8,4.699,213.5906459,2004_LiDAR,
MB8,4.6327,214.6061984,2004_LiDAR,
MB8,4.6578,215.0550172,2004_LiDAR,
MB8,4.7167,216.4673529,2004_LiDAR,
MB8,4.742,216.9403593,2004_LiDAR,
MB8,4.7374,217.2486205,2004_LiDAR,
MB8,4.4836,219.2473121,2004_LiDAR,
MB8,4.552,219.8918269,2004_LiDAR,
MB8,4.4112,222.5515915,2004_LiDAR,
MB8,4.4029,222.6913861,2004_LiDAR,
MB8,4.5144,224.643761,2004_LiDAR,
MB8,4.4749,226.2776495,2004_LiDAR,
MB8,4.4809,226.3310597,2004_LiDAR,
MB8,4.5084,226.7580264,2004_LiDAR,
MB8,4.7797,230.3477733,2004_LiDAR,
MB8,4.7142,233.5631066,2004_LiDAR,
MB8,4.7738,234.1543544,2004_LiDAR,
MB8,4.8089,234.616794,2004_LiDAR,
MB8,5.0065,235.9643609,2004_LiDAR,
MB8,4.8385,237.4127462,2004_LiDAR,
MB8,4.6345,239.1565061,2004_LiDAR,
MB8,4.6176,240.2393503,2004_LiDAR,
MB8,4.6745,241.0090641,2004_LiDAR,
MB8,4.6126,241.82289,2004_LiDAR,
MB8,4.8187,244.0053809,2004_LiDAR,
MB8,5.1802,245.3221528,2004_LiDAR,
MB8,5.1871,245.3564307,2004_LiDAR,
MB8,5.1927,245.4194438,2004_LiDAR,
MB8,5.1895,247.0634153,2004_LiDAR,
MB8,5.2186,248.958827,2004_LiDAR,
MB8,5.2182,249.0709835,2004_LiDAR,
MB8,5.2226,249.1802747,2004_LiDAR,
MB8,5.4358,251.0141247,2004_LiDAR,
MB8,5.4627,251.1585848,2004_LiDAR,
MB8,5.4815,252.6678829,2004_LiDAR,
MB8,5.278,253.9544342,2004_LiDAR,
MB8,5.1497,254.7625846,2004_LiDAR,
MB8,4.7142,256.6932552,2004_LiDAR,
MB8,4.5397,257.0356532,2004_LiDAR,
MB8,4.2394,258.2057899,2004_LiDAR,
MB8,4.1266,259.0312131,2004_LiDAR,
MB8,3.9842,260.030793,2004_LiDAR,
MB8,3.7157,260.9929291,2004_LiDAR,
MB8,3.6629,261.8695268,2004_LiDAR,
MB8,3.5845,262.8855736,2004_LiDAR,
MB8,3.4927,263.516429,2004_LiDAR,
MB8,3.3872,264.8603111,2004_LiDAR,
MB8,3.3711,265.5234862,2004_LiDAR,
MB8,3.3395,266.1304684,2004_LiDAR,
MB8,3.4526,266.9706575,2004_LiDAR,
MB8,3.5604,267.862422,2004_LiDAR,
MB8,3.4049,268.5557669,2004_LiDAR,
MB8,3.3771,270.5721395,2004_LiDAR,
MB8,3.4033,270.7568409,2004_LiDAR,
MB8,2.9163,272.4607703,2004_LiDAR,
MB8,2.9221,272.6151263,2004_LiDAR,
MB8,3.0069,274.4101269,2004_LiDAR,
MB8,2.872,275.5819029,2004_LiDAR,
MB8,2.7796,276.4072268,2004_LiDAR,
MB8,2.7727,276.4455197,2004_LiDAR,
MB8,2.8625,278.3497372,2004_LiDAR,
MB8,2.8357,278.512554,2004_LiDAR,
MB8,2.6962,279.2915458,2004_LiDAR,
MB8,2.7138,279.8780719,2004_LiDAR,
MB8,2.7961,280.4988945,2004_LiDAR,
MB8,2.7921,282.209622,2004_LiDAR,
MB8,2.6663,283.5635369,2004_LiDAR,
MB8,2.6391,284.9601651,2004_LiDAR,
MB8,2.6997,287.368826,2004_LiDAR,
MB8,2.6288,288.6441767,2004_LiDAR,
MB8,2.6158,288.888357,2004_LiDAR,
MB8,2.6715,290.633447,2004_LiDAR,
MB8,2.7321,291.6798325,2004_LiDAR,
MB8,2.6317,293.4694648,2004_LiDAR,
MB8,2.6456,294.3789127,2004_LiDAR,
MB8,2.57,296.1924357,2004_LiDAR,
MB8,2.6684,297.3837789,2004_LiDAR,
MB8,2.8012,298.1212795,2004_LiDAR,
MB8,2.6693,299.7615808,2004_LiDAR,
MB8,2.6507,300.0569567,2004_LiDAR,
MB8,2.6712,300.4837786,2004_LiDAR,
MB8,2.7606,302.3031393,2004_LiDAR,
MB8,2.7252,303.228851,2004_LiDAR,
MB8,2.6732,303.8614939,2004_LiDAR,
MB8,2.567,306.2354258,2004_LiDAR,
MB8,2.6085,307.6694695,2004_LiDAR,
MB8,2.569,309.0040774,2004_LiDAR,
MB8,2.574,309.4785831,2004_LiDAR,
MB8,2.5866,310.2774861,2004_LiDAR,
MB8,2.6833,312.2282362,2004_LiDAR,
MB8,2.7949,313.1374815,2004_LiDAR,
MB8,2.8174,314.0186703,2004_LiDAR,
MB8,2.7455,316.3058392,2004_LiDAR,
MB8,2.778,318.1341764,2004_LiDAR,
MB8,2.7937,319.8421781,2004_LiDAR,
MB8,2.9358,320.3805346,2004_LiDAR,
MB8,3.2767,322.4310525,2004_LiDAR,
MB8,3.1968,324.2848551,2004_LiDAR,
MB8,3.1468,324.7084322,2004_LiDAR,
MB8,2.8513,326.3776017,2004_LiDAR,
MB8,2.7873,327.9978719,2004_LiDAR,
MB8,2.8238,328.212894,2004_LiDAR,
MB8,2.989,329.8970457,2004_LiDAR,
MB8,3.022,330.0741376,2004_LiDAR,
MB8,3.0187,330.297957,2004_LiDAR,
MB8,3.054,331.855735,2004_LiDAR,
MB8,3.0363,332.1892211,2004_LiDAR,
MB8,3.3005,334.2620316,2004_LiDAR,
MB8,3.4362,335.0240973,2004_LiDAR,
MB8,3.6367,336.6804597,2004_LiDAR,
MB8,3.5845,337.6448661,2004_LiDAR,
MB8,3.6121,337.8409312,2004_LiDAR,
MB8,3.6229,338.0101781,2004_LiDAR,
MB8,4.2826,341.6128778,2004_LiDAR,
MB8,4.4462,342.1493281,2004_LiDAR,
MB8,5.2447,344.6283067,2004_LiDAR,
MB8,5.554,345.2686212,2004_LiDAR,
MB8,5.5595,345.2921754,2004_LiDAR,
MB8,5.9129,347.1516692,2004_LiDAR,
MB8,5.9615,347.281818,2004_LiDAR,
MB8,6.0164,347.4002812,2004_LiDAR,
MB8,7.5739,350.6024703,2004_LiDAR,
MB8,9.2519,355.0499992,2004_LiDAR,
MB8,9.5033,356.089326,2004_LiDAR,
MB8,9.5452,356.3039352,2004_LiDAR,
MB8,9.6723,357.6502191,2004_LiDAR,
MB8,9.7276,358.043189,2004_LiDAR,
MB8,9.8029,359.6855677,2004_LiDAR,
MB8,9.8899,360.2590525,2004_LiDAR,
MB8,9.9295,360.5395521,2004_LiDAR,
MB8,9.979,362.3761356,2004_LiDAR,
MB8,9.512,363.3043332,2004_LiDAR,
MB8,9.5898,363.7711538,2004_LiDAR,
MB8,9.7073,364.1025212,2004_LiDAR,
MB8,9.0428,366.260659,2004_LiDAR,
MB8,7.9345,370.1527622,2004_LiDAR,
MB8,7.9627,371.2459774,2004_LiDAR,
MB8,7.9653,371.9130333,2004_LiDAR,
MB8,8.493,374.4484581,2004_LiDAR,
MB8,8.5992,375.0390397,2004_LiDAR,
MB8,8.6072,375.43431,2004_LiDAR,
MB8,8.6102,375.5927503,2004_LiDAR,
MB8,8.2803,377.1868057,2004_LiDAR,
MB8,8.226,377.3764801,2004_LiDAR,
MB8,8.1131,377.7330461,2004_LiDAR,
MB8,7.6807,379.2423198,2004_LiDAR,
MB8,7.6736,379.4683059,2004_LiDAR,
MB8,7.247,383.1785353,2004_LiDAR,
MB8,7.2412,383.2162646,2004_LiDAR,
MB8,7.2388,383.227018,2004_LiDAR,
MB8,7.225,383.3076707,2004_LiDAR,
MB8,6.6163,386.7216607,2004_LiDAR,
MB8,6.6116,386.8952406,2004_LiDAR,
MB8,6.5542,387.1269355,2004_LiDAR,
MB8,6.3669,388.9616401,2004_LiDAR,
MB8,6.2358,389.8715481,2004_LiDAR,
MB8,6.022,390.8941456,2004_LiDAR,
MB8,5.957,391.2170177,2004_LiDAR,
MB8,5.551,393.4575566,2004_LiDAR,
MB8,5.171,395.5631663,2004_LiDAR,
MB8,5.1946,396.5455439,2004_LiDAR,
MB8,5.3082,397.132415,2004_LiDAR,
MB8,5.7312,398.7113603,2004_LiDAR,
MB8,5.7725,399.0029945,2004_LiDAR,
MB8,5.7416,401.9846349,2004_LiDAR,
MB8,5.712,402.2600688,2004_LiDAR,
MB8,5.7118,402.8738197,2004_LiDAR,
MB8,5.7031,403.1027865,2004_LiDAR,
MB8,5.6614,403.3918827,2004_LiDAR,
MB8,5.4766,404.2385062,2004_LiDAR,
MB8,5.3914,404.782871,2004_LiDAR,
MB8,5.5397,405.873467,2004_LiDAR,
MB8,5.5872,407.5968008,2004_LiDAR,
MB8,5.458,408.440879,2004_LiDAR,
MB8,5.2491,409.6085182,2004_LiDAR,
MB8,5.1822,409.9132223,2004_LiDAR,
MB8,5.2021,410.3524367,2004_LiDAR,
MB8,5.1584,410.7378731,2004_LiDAR,
MB8,5.0737,411.5231797,2004_LiDAR,
MB8,4.9711,412.9419856,2004_LiDAR,
MB8,5.1157,415.7529976,2004_LiDAR,
MB8,5.0292,418.0407833,2004_LiDAR,
MB8,4.9639,418.3956433,2004_LiDAR,
MB8,4.9505,418.5406571,2004_LiDAR,
MB8,4.552,420.3412024,2004_LiDAR,
MB8,4.5317,420.8767417,2004_LiDAR,
MB8,4.5197,422.4001041,2004_LiDAR,
MB8,4.3456,423.7729061,2004_LiDAR,
MB8,4.3127,424.4853436,2004_LiDAR,
MB8,4.2885,426.2010248,2004_LiDAR,
MB8,4.2667,426.7091251,2004_LiDAR,
MB8,4.2276,427.8965358,2004_LiDAR,
MB8,4.2119,428.723624,2004_LiDAR,
MB8,4.5455,433.9883252,2004_LiDAR,
MB8,4.5491,434.0463269,2004_LiDAR,
MB8,4.5504,434.0556339,2004_LiDAR,
MB8,4.2041,435.5048149,2004_LiDAR,
MB8,4.1816,435.6586421,2004_LiDAR,
MB8,4.1672,435.9549234,2004_LiDAR,
MB8,4.364,437.8356738,2004_LiDAR,
MB8,4.3749,438.0552581,2004_LiDAR,
MB8,4.4703,440.5149045,2004_LiDAR,
MB8,4.4642,441.1599998,2004_LiDAR,
MB8,4.6999,443.474,2004_LiDAR,
MB8,4.7003,443.4805047,2004_LiDAR,
MB8,4.7001,443.4827654,2004_LiDAR,
MB8,5.2439,445.3481776,2004_LiDAR,
MB8,5.2869,445.4610679,2004_LiDAR,
MB8,5.5764,447.1098741,2004_LiDAR,
MB8,6.4818,448.7544815,2004_LiDAR,
MB8,6.96,450.2248892,2004_LiDAR,
MB8,7.0626,450.6860324,2004_LiDAR,
MB8,8.0553,452.2851536,2004_LiDAR,
MB8,8.1326,452.6564963,2004_LiDAR,
MB8,8.025,453.628966,2004_LiDAR,
MB8,7.9819,454.0791118,2004_LiDAR,
MB8,7.9588,454.2917146,2004_LiDAR,
MB8,7.3987,456.5833727,2004_LiDAR,
MB8,7.2681,456.9793545,2004_LiDAR,
MB8,7.2039,457.0299969,2004_LiDAR,
MB8,6.6838,458.3185917,2004_LiDAR,
MB8,6.6056,458.5639514,2004_LiDAR,
MB8,6.5449,459.0258757,2004_LiDAR,
MB8,6.0238,460.9438201,2004_LiDAR,
MB8,6.1029,461.5842486,2004_LiDAR,
MB8,6.2424,462.2102955,2004_LiDAR,
MB8,6.2203,462.8713395,2004_LiDAR,
MB8,6.3869,463.6396479,2004_LiDAR,
MB8,7.05,464.6094638,2004_LiDAR,
MB8,7.5401,465.4427642,2004_LiDAR,
MB8,7.7042,465.8373501,2004_LiDAR,
MB8,7.9821,466.3586744,2004_LiDAR,
MB8,8.0106,467.3534881,2004_LiDAR,
MB8,7.7893,468.6423627,2004_LiDAR,
MB8,7.3757,470.0904183,2004_LiDAR,
MB8,6.4696,472.7527457,2004_LiDAR,
MB8,6.2014,474.1085541,2004_LiDAR,
MB8,5.8499,475.6856659,2004_LiDAR,
MB8,5.8041,476.0437809,2004_LiDAR,
MB8,5.6351,478.1683156,2004_LiDAR,
MB8,5.3545,482.0679616,2004_LiDAR,
MB8,5.2331,482.6005249,2004_LiDAR,
MB8,4.8796,484.1147187,2004_LiDAR,
MB8,4.8955,484.5347617,2004_LiDAR,
MB8,4.6167,487.865944,2004_LiDAR,
MB8,4.4881,489.5042752,2004_LiDAR,
MB8,4.4811,489.9783826,2004_LiDAR,
MB8,4.364,490.7031859,2004_LiDAR,
MB8,4.3323,491.1709316,2004_LiDAR,
MB8,4.232,492.4972286,2004_LiDAR,
MB8,4.2127,492.8655817,2004_LiDAR,
MB8,4.1232,493.8187932,2004_LiDAR,
MB8,4.0147,495.0069086,2004_LiDAR,
MB8,4.0068,495.0648168,2004_LiDAR,
MB8,4.0692,496.5691429,2004_LiDAR,
MB8,3.9356,499.2299229,2004_LiDAR,
MB8,3.9347,499.5487624,2004_LiDAR,
MB8,3.9269,499.7248074,2004_LiDAR,
MB8,3.7759,502.2724638,2004_LiDAR,
MB8,3.7051,503.6639667,2004_LiDAR,
MB8,3.5818,504.6586883,2004_LiDAR,
MB8,3.5497,505.3190362,2004_LiDAR,
MB8,3.4241,505.9873881,2004_LiDAR,
MB8,3.0421,507.3948714,2004_LiDAR,
MB8,3.0249,508.5422962,2004_LiDAR,
MB8,2.9015,509.262367,2004_LiDAR,
MB8,2.8051,509.3288056,2004_LiDAR,
MB8,2.6349,511.0051202,2004_LiDAR,
MB8,2.3568,513.3175142,2004_LiDAR,
MB8,2.2837,515.2745798,2004_LiDAR,
MB8,2.3154,515.6214041,2004_LiDAR,
MB8,2.1267,516.7638805,2004_LiDAR,
MB8,2.0876,518.1669746,2004_LiDAR,
MB8,1.9536,519.9654585,2004_LiDAR,
MB8,1.9175,521.2116317,2004_LiDAR,
MB8,1.8415,522.1392565,2004_LiDAR,
MB8,1.7302,523.895107,2004_LiDAR,
MB8,1.5887,524.7933377,2004_LiDAR,
MB8,1.5948,525.4203588,2004_LiDAR,
MB8,1.45,526.3172157,2004_LiDAR,
MB8,1.472,527.9933728,2004_LiDAR,
MB8,1.3821,528.8423736,2004_LiDAR,
MB8,1.228,530.6191634,2004_LiDAR,
MB8,1.1699,531.0758942,2004_LiDAR,
MB8,1.2577,531.8963522,2004_LiDAR,
MB8,1.2384,532.5553197,2004_LiDAR,
MB8,1.0269,535.5910673,2004_LiDAR,
MB8,0.9176,536.4797617,2004_LiDAR,
MB8,0.9867,537.489187,2004_LiDAR,
MB8,0.9356,537.9740324,2004_LiDAR,
MB8,0.757,539.1963617,2004_LiDAR,
MB8,0.8315,541.5481365,2004_LiDAR,
MB8,0.8047,542.1466911,2004_LiDAR,
MB8,0.7724,542.4553068,2004_LiDAR,
MB8,0.6955,543.1904257,2004_LiDAR,
MB8,0.5822,544.3415987,2004_LiDAR,
,,,,
KAK_1,4.3644,46.591,2004_LiDAR,
KAK_1,4.5394,47.28823775,2004_LiDAR,
KAK_1,4.5039,49.22841184,2004_LiDAR,
KAK_1,4.5788,51.3852681,2004_LiDAR,
KAK_1,4.63,51.8271146,2004_LiDAR,
KAK_1,4.5795,52.41868082,2004_LiDAR,
KAK_1,4.3676,54.02840665,2004_LiDAR,
KAK_1,4.3506,55.0808473,2004_LiDAR,
KAK_1,4.401,56.47973062,2004_LiDAR,
KAK_1,4.2988,57.87826105,2004_LiDAR,
KAK_1,4.1544,59.35698395,2004_LiDAR,
KAK_1,3.876,60.73443044,2004_LiDAR,
KAK_1,3.7728,61.14761645,2004_LiDAR,
KAK_1,3.5852,63.56292142,2004_LiDAR,
KAK_1,3.4821,64.40829743,2004_LiDAR,
KAK_1,3.4798,64.55058943,2004_LiDAR,
KAK_1,3.3518,66.13430966,2004_LiDAR,
KAK_1,3.2012,66.89586712,2004_LiDAR,
KAK_1,3.091,67.57821362,2004_LiDAR,
KAK_1,2.868,69.12779534,2004_LiDAR,
KAK_1,2.658,70.56654451,2004_LiDAR,
KAK_1,2.3849,71.83239184,2004_LiDAR,
KAK_1,2.3812,71.87526994,2004_LiDAR,
KAK_1,2.3634,71.99162346,2004_LiDAR,
KAK_1,2.3048,72.30443832,2004_LiDAR,
KAK_1,1.9442,74.35007706,2004_LiDAR,
KAK_1,1.9082,74.55436214,2004_LiDAR,
KAK_1,1.911,74.73995139,2004_LiDAR,
KAK_1,1.9058,75.23862826,2004_LiDAR,
KAK_1,1.9467,77.37577501,2004_LiDAR,
KAK_1,1.8155,78.15737135,2004_LiDAR,
KAK_1,1.8353,79.54901201,2004_LiDAR,
KAK_1,1.7732,80.98147728,2004_LiDAR,
KAK_1,1.6849,81.40128891,2004_LiDAR,
KAK_1,1.6051,82.31197239,2004_LiDAR,
KAK_1,1.5016,83.59136956,2004_LiDAR,
KAK_1,1.5507,84.88588647,2004_LiDAR,
KAK_1,1.4789,86.15758771,2004_LiDAR,
KAK_1,1.4143,86.84912148,2004_LiDAR,
KAK_1,1.4075,87.29322622,2004_LiDAR,
KAK_1,1.3983,89.92768435,2004_LiDAR,
KAK_1,1.2453,90.8323724,2004_LiDAR,
KAK_1,1.17,97.37423843,2004_LiDAR,
KAK_1,1.1708,97.4329376,2004_LiDAR,
KAK_1,1.1686,97.46922812,2004_LiDAR,
KAK_1,1.1581,97.57562384,2004_LiDAR,
KAK_1,1.0282,99.20884476,2004_LiDAR,
KAK_1,1.0009,100.0860599,2004_LiDAR,
KAK_1,1.0361,101.7582416,2004_LiDAR,
KAK_1,0.8681,102.8858883,2004_LiDAR,
KAK_1,0.8565,102.916467,2004_LiDAR,
KAK_1,0.8933,104.4289901,2004_LiDAR,
KAK_1,0.8468,106.2415197,2004_LiDAR,
KAK_1,0.771,108.0994881,2004_LiDAR,
KAK_1,0.7757,108.1900757,2004_LiDAR,
,,,,
KAK_2,8.4357,5.222,2004_LiDAR,
KAK_2,8.2493,5.491999806,2004_LiDAR,
KAK_2,8.249,5.495091325,2004_LiDAR,
KAK_2,8.2286,7.994318565,2004_LiDAR,
KAK_2,8.0808,9.18171677,2004_LiDAR,
KAK_2,8.0082,9.788040054,2004_LiDAR,
KAK_2,7.9167,12.52510772,2004_LiDAR,
KAK_2,7.8401,13.73958117,2004_LiDAR,
KAK_2,7.7682,14.70023539,2004_LiDAR,
KAK_2,7.6491,15.66325647,2004_LiDAR,
KAK_2,7.609,16.01985488,2004_LiDAR,
KAK_2,7.5232,16.26583263,2004_LiDAR,
KAK_2,7.1364,17.32679123,2004_LiDAR,
KAK_2,6.9501,17.80669465,2004_LiDAR,
KAK_2,6.1888,18.95877163,2004_LiDAR,
KAK_2,5.9402,19.58408993,2004_LiDAR,
KAK_2,5.7719,19.94183967,2004_LiDAR,
KAK_2,5.535,21.16995532,2004_LiDAR,
KAK_2,5.4843,21.38259586,2004_LiDAR,
KAK_2,5.442,21.4823997,2004_LiDAR,
KAK_2,4.7002,23.03960248,2004_LiDAR,
KAK_2,4.3295,23.58858632,2004_LiDAR,
KAK_2,2.9631,25.30783673,2004_LiDAR,
KAK_2,2.3225,25.91055289,2004_LiDAR,
KAK_2,2.1393,26.47516083,2004_LiDAR,
KAK_2,1.7554,27.98107098,2004_LiDAR,
KAK_2,1.7171,28.27325732,2004_LiDAR,
KAK_2,1.4624,29.17766893,2004_LiDAR,
KAK_2,1.2862,29.84852997,2004_LiDAR,
KAK_2,1.2255,30.19580728,2004_LiDAR,
KAK_2,1.1326,30.95802942,2004_LiDAR,
KAK_2,1.0379,32.08893554,2004_LiDAR,
KAK_2,0.822,33.54954484,2004_LiDAR,
KAK_2,0.7854,35.16171071,2004_LiDAR,
KAK_2,0.7053,36.96086887,2004_LiDAR,
KAK_2,0.7684,37.86739674,2004_LiDAR,
KAK_2,0.8166,38.8474373,2004_LiDAR,
KAK_2,0.7142,40.46748087,2004_LiDAR,
KAK_2,0.7167,43.80110445,2004_LiDAR,
KAK_2,0.7255,44.63735951,2004_LiDAR,
KAK_2,0.5167,46.61526348,2004_LiDAR,
KAK_2,0.5079,46.94700932,2004_LiDAR,
KAK_2,0.5445,50.08088339,2004_LiDAR,
KAK_2,0.3346,50.98182883,2004_LiDAR,
KAK_2,0.5442,51.74513497,2004_LiDAR,
KAK_2,0.4314,53.394482,2004_LiDAR,
KAK_2,0.5471,55.01342806,2004_LiDAR,
KAK_2,0.4179,56.47846159,2004_LiDAR,
KAK_2,0.4557,56.8814589,2004_LiDAR,
KAK_2,0.498,58.07314449,2004_LiDAR,
KAK_2,0.4167,59.71399869,2004_LiDAR,
KAK_2,0.2437,60.76389688,2004_LiDAR,
KAK_2,0.0823,61.74377071,2004_LiDAR,
,,,,
KAK_3,4.1842,0.179,2004_LiDAR,
KAK_3,4.1705,0.772544236,2004_LiDAR,
KAK_3,4.1069,2.105105275,2004_LiDAR,
KAK_3,4.1062,2.636813983,2004_LiDAR,
KAK_3,4.1605,4.289407211,2004_LiDAR,
KAK_3,4.1967,4.72033235,2004_LiDAR,
KAK_3,4.3187,6.379627409,2004_LiDAR,
KAK_3,4.293,8.564675501,2004_LiDAR,
KAK_3,4.1599,10.20829947,2004_LiDAR,
KAK_3,4.2158,12.22651985,2004_LiDAR,
KAK_3,4.2058,12.33151513,2004_LiDAR,
KAK_3,4.212,12.41718718,2004_LiDAR,
KAK_3,4.1132,12.81180425,2004_LiDAR,
KAK_3,3.9375,13.46179536,2004_LiDAR,
KAK_3,2.2745,20.17233818,2004_LiDAR,
KAK_3,2.0654,20.6337949,2004_LiDAR,
KAK_3,1.7358,21.51138068,2004_LiDAR,
KAK_3,1.6295,22.15870348,2004_LiDAR,
KAK_3,1.4684,23.05445123,2004_LiDAR,
KAK_3,1.4132,24.34548627,2004_LiDAR,
KAK_3,1.374,25.99869157,2004_LiDAR,
KAK_3,1.2282,27.5427115,2004_LiDAR,
KAK_3,1.0723,28.54398894,2004_LiDAR,
KAK_3,1.0557,31.5507075,2004_LiDAR,
KAK_3,1.0155,32.05958322,2004_LiDAR,
KAK_3,1.0351,32.60525416,2004_LiDAR,
KAK_3,0.8718,33.4390532,2004_LiDAR,
KAK_3,0.816,33.94569977,2004_LiDAR,
KAK_3,0.8105,34.17911029,2004_LiDAR,
KAK_3,0.8239,36.7808084,2004_LiDAR,
KAK_3,0.6096,39.81423561,2004_LiDAR,
KAK_3,0.6103,39.90539627,2004_LiDAR,
KAK_3,0.6025,40.03634765,2004_LiDAR,
KAK_3,0.6206,41.44351886,2004_LiDAR,
KAK_3,0.657,41.95051045,2004_LiDAR,
KAK_3,0.7288,42.80538967,2004_LiDAR,
KAK_3,0.6558,43.39237502,2004_LiDAR,
KAK_3,0.564,45.47461371,2004_LiDAR,
KAK_3,0.4605,47.00349643,2004_LiDAR,
KAK_3,0.3925,48.90911766,2004_LiDAR,
KAK_3,0.2533,51.12334943,2004_LiDAR,
KAK_3,0.171,52.06624222,2004_LiDAR,
KAK_3,0.2013,54.0496879,2004_LiDAR,
KAK_3,0.2053,54.55587286,2004_LiDAR,
KAK_3,0.184,58.00210399,2004_LiDAR,
KAK_3,0.1653,58.25544234,2004_LiDAR,
KAK_3,0.164,58.4473218,2004_LiDAR,
KAK_3,0.16,58.71691331,2004_LiDAR,
KAK_3,0.1593,59.2616915,2004_LiDAR,
KAK_3,-0.0109,62.96460691,2004_LiDAR,
KAK_3,0.032,63.38893663,2004_LiDAR,
KAK_3,-0.0387,66.16174498,2004_LiDAR,
KAK_3,-0.1005,68.22459114,2004_LiDAR,
KAK_3,-0.088,69.50017429,2004_LiDAR,
KAK_3,-0.1761,71.16985804,2004_LiDAR,
KAK_3,-0.1948,71.34000608,2004_LiDAR,
,,,,
KAK_4,3.7405,-0.707,2004_LiDAR,
KAK_4,3.8966,0.371208314,2004_LiDAR,
KAK_4,4.047,1.514689195,2004_LiDAR,
KAK_4,4.0621,3.228973071,2004_LiDAR,
KAK_4,4.1066,4.682916297,2004_LiDAR,
KAK_4,4.0548,6.306774035,2004_LiDAR,
KAK_4,3.9118,8.437906669,2004_LiDAR,
KAK_4,3.7022,9.883800993,2004_LiDAR,
KAK_4,3.3629,12.0078127,2004_LiDAR,
KAK_4,3.329,14.29546395,2004_LiDAR,
KAK_4,3.3418,14.649803,2004_LiDAR,
KAK_4,3.2531,15.88999018,2004_LiDAR,
KAK_4,3.0443,17.81350301,2004_LiDAR,
KAK_4,2.9702,18.21427089,2004_LiDAR,
KAK_4,2.9483,18.38068654,2004_LiDAR,
KAK_4,2.3298,20.49047406,2004_LiDAR,
KAK_4,2.2402,21.69510053,2004_LiDAR,
KAK_4,2.1094,23.76003845,2004_LiDAR,
KAK_4,2.0784,25.36493337,2004_LiDAR,
KAK_4,2.0365,25.96386009,2004_LiDAR,
KAK_4,1.8918,29.57759366,2004_LiDAR,
KAK_4,1.8472,31.76249589,2004_LiDAR,
KAK_4,1.833,32.20463855,2004_LiDAR,
KAK_4,1.763,32.56778562,2004_LiDAR,
KAK_4,1.626,34.32792304,2004_LiDAR,
KAK_4,1.5892,35.89454178,2004_LiDAR,
KAK_4,1.5738,37.78944685,2004_LiDAR,
KAK_4,1.4529,39.11029127,2004_LiDAR,
KAK_4,1.3733,41.12042013,2004_LiDAR,
KAK_4,1.437,41.84188601,2004_LiDAR,
KAK_4,1.427,42.9862172,2004_LiDAR,
KAK_4,1.2845,44.39203133,2004_LiDAR,
KAK_4,1.1673,46.14578326,2004_LiDAR,
KAK_4,1.1146,47.2725387,2004_LiDAR,
KAK_4,1.0868,48.57663955,2004_LiDAR,
KAK_4,1.0977,49.62355176,2004_LiDAR,
KAK_4,1.0232,50.37374681,2004_LiDAR,
KAK_4,1.033,52.92839575,2004_LiDAR,
KAK_4,0.9979,54.22775629,2004_LiDAR,
KAK_4,0.9747,54.40107959,2004_LiDAR,
,,,,
KAK_5,4.3504,1.228,2004_LiDAR,
KAK_5,4.4627,2.357747896,2004_LiDAR,
KAK_5,4.5055,5.625586742,2004_LiDAR,
KAK_5,4.356,6.977036043,2004_LiDAR,
KAK_5,4.2656,9.3999653,2004_LiDAR,
KAK_5,4.1625,10.48082412,2004_LiDAR,
KAK_5,4.1007,10.9939758,2004_LiDAR,
KAK_5,3.8499,11.62932347,2004_LiDAR,
KAK_5,3.5428,12.6712617,2004_LiDAR,
KAK_5,4.0296,14.67251512,2004_LiDAR,
KAK_5,4.4578,16.5321955,2004_LiDAR,
KAK_5,4.4874,17.72223012,2004_LiDAR,
KAK_5,4.578,18.91055306,2004_LiDAR,
KAK_5,4.7164,19.73417064,2004_LiDAR,
KAK_5,4.8234,21.69253653,2004_LiDAR,
KAK_5,4.3717,22.94101455,2004_LiDAR,
KAK_5,4.0628,23.8302594,2004_LiDAR,
KAK_5,4.0119,24.58205097,2004_LiDAR,
KAK_5,3.9735,25.21215159,2004_LiDAR,
KAK_5,4.1914,27.85497846,2004_LiDAR,
KAK_5,4.0976,28.31149422,2004_LiDAR,
KAK_5,3.0432,32.93798061,2004_LiDAR,
KAK_5,2.9581,33.75588559,2004_LiDAR,
KAK_5,2.9637,33.90552849,2004_LiDAR,
KAK_5,2.7451,35.12534922,2004_LiDAR,
KAK_5,2.6953,36.01494753,2004_LiDAR,
KAK_5,2.6202,36.36168958,2004_LiDAR,
KAK_5,2.5552,37.95207636,2004_LiDAR,
KAK_5,2.505,38.1782258,2004_LiDAR,
KAK_5,2.3138,39.44440044,2004_LiDAR,
KAK_5,2.276,39.70655773,2004_LiDAR,
KAK_5,2.248,40.17213766,2004_LiDAR,
KAK_5,2.028,43.79107315,2004_LiDAR,
KAK_5,2.0424,44.20081577,2004_LiDAR,
KAK_5,1.9552,44.95411905,2004_LiDAR,
KAK_5,1.7964,46.22483428,2004_LiDAR,
KAK_5,1.8211,46.73191973,2004_LiDAR,
KAK_5,1.8528,48.54659597,2004_LiDAR,
KAK_5,1.666,50.67899958,2004_LiDAR,
KAK_5,1.5763,51.49943838,2004_LiDAR,
KAK_5,1.4075,55.0842829,2004_LiDAR,
KAK_5,1.3468,56.22566588,2004_LiDAR,
KAK_5,1.309,57.3522196,2004_LiDAR,
KAK_5,1.3453,57.64992943,2004_LiDAR,
KAK_5,1.3354,58.98405529,2004_LiDAR,
KAK_5,1.3286,59.89875609,2004_LiDAR,
KAK_5,1.3255,60.08088211,2004_LiDAR,
KAK_5,1.3319,60.30378437,2004_LiDAR,
KAK_5,1.1663,62.5870742,2004_LiDAR,
KAK_5,1.0829,67.7547348,2004_LiDAR,
KAK_5,1.0821,67.80349192,2004_LiDAR,
KAK_5,1.0808,67.82547076,2004_LiDAR,
KAK_5,1.0789,67.86172083,2004_LiDAR,
KAK_5,0.7292,71.97691286,2004_LiDAR,
KAK_5,0.642,76.36295888,2004_LiDAR,
KAK_5,0.6221,77.15929968,2004_LiDAR,
KAK_5,0.6365,77.39047448,2004_LiDAR,
KAK_5,0.709,79.10488039,2004_LiDAR,
KAK_5,0.5875,80.80087385,2004_LiDAR,
KAK_5,0.4742,83.3279275,2004_LiDAR,
KAK_5,0.418,85.34654159,2004_LiDAR,
KAK_5,0.4141,85.62562443,2004_LiDAR,
KAK_5,0.3956,85.89321303,2004_LiDAR,
KAK_5,0.2736,87.67594788,2004_LiDAR,
KAK_5,0.2607,88.98177235,2004_LiDAR,
KAK_5,0.1575,90.00187688,2004_LiDAR,
KAK_5,0.1385,91.31359702,2004_LiDAR,
KAK_5,0.1074,91.5912191,2004_LiDAR,
KAK_5,0.1547,93.04885568,2004_LiDAR,
KAK_5,0.1552,94.08908533,2004_LiDAR,
KAK_5,0.1372,95.38656051,2004_LiDAR,
,,,,
KAK_6,8.0341,1.038,2004_LiDAR,
KAK_6,8.0814,1.32576766,2004_LiDAR,
KAK_6,8.2257,2.216993762,2004_LiDAR,
KAK_6,8.2642,2.616795116,2004_LiDAR,
KAK_6,8.2815,3.493323744,2004_LiDAR,
KAK_6,8.3206,4.517250915,2004_LiDAR,
KAK_6,8.3151,5.622431741,2004_LiDAR,
KAK_6,8.2138,6.309172904,2004_LiDAR,
KAK_6,8.1383,8.908181365,2004_LiDAR,
KAK_6,8.1429,10.13341774,2004_LiDAR,
KAK_6,7.9186,11.2879701,2004_LiDAR,
KAK_6,7.594,14.38096693,2004_LiDAR,
KAK_6,7.4104,15.29267893,2004_LiDAR,
KAK_6,7.397,16.58405447,2004_LiDAR,
KAK_6,7.421,17.03836205,2004_LiDAR,
KAK_6,7.3999,17.12454031,2004_LiDAR,
KAK_6,7.3852,17.29651649,2004_LiDAR,
KAK_6,7,18.86166406,2004_LiDAR,
KAK_6,6.585,20.60838588,2004_LiDAR,
KAK_6,6.5633,20.7491273,2004_LiDAR,
KAK_6,6.5382,20.81681217,2004_LiDAR,
KAK_6,6.513,22.56229902,2004_LiDAR,
KAK_6,5.8528,25.94265088,2004_LiDAR,
KAK_6,5.7615,26.60065136,2004_LiDAR,
KAK_6,5.7828,26.88442706,2004_LiDAR,
KAK_6,4.7766,30.1423847,2004_LiDAR,
KAK_6,4.6535,31.10216663,2004_LiDAR,
KAK_6,4.4951,33.34233848,2004_LiDAR,
KAK_6,4.395,35.90383383,2004_LiDAR,
KAK_6,4.3713,36.01343779,2004_LiDAR,
KAK_6,4.3984,36.96319687,2004_LiDAR,
KAK_6,4.5293,38.14924693,2004_LiDAR,
KAK_6,4.7126,41.23779622,2004_LiDAR,
KAK_6,4.7457,41.82409578,2004_LiDAR,
KAK_6,4.6863,42.69342625,2004_LiDAR,
KAK_6,4.4619,43.73840338,2004_LiDAR,
KAK_6,3.8511,46.31563906,2004_LiDAR,
KAK_6,3.6686,47.06179453,2004_LiDAR,
KAK_6,3.4598,48.05840279,2004_LiDAR,
KAK_6,3.0283,50.22759764,2004_LiDAR,
KAK_6,2.9227,51.00942503,2004_LiDAR,
KAK_6,2.8261,51.57397901,2004_LiDAR,
KAK_6,2.982,53.62873894,2004_LiDAR,
KAK_6,3.1707,55.7271855,2004_LiDAR,
KAK_6,3.2868,56.40332136,2004_LiDAR,
KAK_6,3.5462,57.57786204,2004_LiDAR,
KAK_6,3.4442,61.49124373,2004_LiDAR,
KAK_6,3.3595,64.91377119,2004_LiDAR,
KAK_6,3.5017,69.49583399,2004_LiDAR,
KAK_6,3.4135,70.75293106,2004_LiDAR,
KAK_6,2.6937,73.52831491,2004_LiDAR,
KAK_6,2.6343,73.76456228,2004_LiDAR,
KAK_6,2.6077,73.86218491,2004_LiDAR,
KAK_6,2.5436,74.19991451,2004_LiDAR,
KAK_6,2.1636,75.91950541,2004_LiDAR,
KAK_6,2.0315,76.7463843,2004_LiDAR,
KAK_6,1.8743,78.64840479,2004_LiDAR,
KAK_6,1.9129,79.68293418,2004_LiDAR,
KAK_6,1.8923,80.85514193,2004_LiDAR,
KAK_6,1.816,82.38258688,2004_LiDAR,
KAK_6,1.5564,85.29583121,2004_LiDAR,
KAK_6,1.5994,86.11869749,2004_LiDAR,
KAK_6,1.659,86.7564668,2004_LiDAR,
KAK_6,1.5766,87.99952425,2004_LiDAR,
KAK_6,1.539,88.56695316,2004_LiDAR,
KAK_6,1.4456,91.54117506,2004_LiDAR,
KAK_6,1.4306,91.98979944,2004_LiDAR,
KAK_6,1.4039,92.76630108,2004_LiDAR,
KAK_6,1.3305,94.39848172,2004_LiDAR,
KAK_6,1.2242,95.26558859,2004_LiDAR,
KAK_6,1.123,96.59531877,2004_LiDAR,
KAK_6,1.099,97.41281145,2004_LiDAR,
KAK_6,1.0804,102.2127131,2004_LiDAR,
KAK_6,0.9897,103.1577562,2004_LiDAR,
KAK_6,0.9919,103.9762134,2004_LiDAR,
KAK_6,1.0352,105.4249593,2004_LiDAR,
KAK_6,1.0151,106.0492205,2004_LiDAR,
KAK_6,0.8754,107.1219092,2004_LiDAR,
KAK_6,0.8335,108.970102,2004_LiDAR,
KAK_6,0.828,111.4695867,2004_LiDAR,
KAK_6,0.7139,112.4807717,2004_LiDAR,
KAK_6,0.7112,112.5042697,2004_LiDAR,
,,,,
KAK_7,3.5397,5.455,2004_LiDAR,
KAK_7,3.7162,7.633900242,2004_LiDAR,
KAK_7,3.7728,8.065760482,2004_LiDAR,
KAK_7,3.813,8.693466245,2004_LiDAR,
KAK_7,3.7934,10.95924475,2004_LiDAR,
KAK_7,3.7131,13.11918476,2004_LiDAR,
KAK_7,3.8255,15.64683496,2004_LiDAR,
KAK_7,3.3049,18.16375428,2004_LiDAR,
KAK_7,2.5167,20.39492185,2004_LiDAR,
KAK_7,2.127,21.12431982,2004_LiDAR,
KAK_7,1.584,22.88327586,2004_LiDAR,
KAK_7,1.519,23.2241637,2004_LiDAR,
KAK_7,1.3858,24.24573342,2004_LiDAR,
KAK_7,1.3832,24.60290218,2004_LiDAR,
KAK_7,1.3479,25.70395549,2004_LiDAR,
KAK_7,1.2047,28.80058285,2004_LiDAR,
KAK_7,1.1495,29.74719794,2004_LiDAR,
KAK_7,1.1463,30.00357173,2004_LiDAR,
KAK_7,1.1389,33.34187513,2004_LiDAR,
KAK_7,0.9891,34.6114607,2004_LiDAR,
KAK_7,0.9848,35.58698435,2004_LiDAR,
KAK_7,1.0323,36.44824347,2004_LiDAR,
KAK_7,0.8593,38.27365014,2004_LiDAR,
KAK_7,0.87,39.56608307,2004_LiDAR,
KAK_7,0.705,42.73942579,2004_LiDAR,
KAK_7,0.6684,43.87453598,2004_LiDAR,
KAK_7,0.6928,46.99319227,2004_LiDAR,
KAK_7,0.7047,48.32647981,2004_LiDAR,
KAK_7,0.698,48.65185408,2004_LiDAR,
KAK_7,0.5429,50.39036027,2004_LiDAR,
KAK_7,0.4736,51.01599818,2004_LiDAR,
KAK_7,0.4011,56.1812093,2004_LiDAR,
KAK_7,0.3861,57.73516014,2004_LiDAR,
KAK_7,0.3765,57.98994045,2004_LiDAR,
KAK_7,0.3558,58.36155309,2004_LiDAR,
KAK_7,0.3526,58.4089396,2004_LiDAR,
KAK_7,0.3443,58.60781403,2004_LiDAR,
KAK_7,0.1784,60.96054223,2004_LiDAR,
KAK_7,0.1583,62.53855041,2004_LiDAR,
,,,,
KAK_8,3.5628,33.592,2004_LiDAR,
KAK_8,3.6025,34.34180587,2004_LiDAR,
KAK_8,3.6282,36.09069429,2004_LiDAR,
KAK_8,3.7424,37.527084,2004_LiDAR,
KAK_8,3.5555,38.83449734,2004_LiDAR,
KAK_8,3.5352,39.97226767,2004_LiDAR,
KAK_8,3.5574,41.19905595,2004_LiDAR,
KAK_8,3.5458,41.49060646,2004_LiDAR,
KAK_8,3.3962,42.25284097,2004_LiDAR,
KAK_8,2.8752,43.84105831,2004_LiDAR,
KAK_8,2.4489,45.24304725,2004_LiDAR,
KAK_8,2.2805,45.89363477,2004_LiDAR,
KAK_8,1.5179,49.22059132,2004_LiDAR,
KAK_8,1.4197,49.84417923,2004_LiDAR,
KAK_8,1.1603,51.41696844,2004_LiDAR,
KAK_8,1.0688,52.54740923,2004_LiDAR,
KAK_8,1.0155,53.68183136,2004_LiDAR,
KAK_8,0.7909,56.3282998,2004_LiDAR,
KAK_8,0.7875,56.65191508,2004_LiDAR,
KAK_8,0.7601,57.09621742,2004_LiDAR,
KAK_8,0.7139,59.07256815,2004_LiDAR,
KAK_8,0.6132,60.07851116,2004_LiDAR,
KAK_8,0.6138,60.79875818,2004_LiDAR,
KAK_8,0.4559,62.58343217,2004_LiDAR,
KAK_8,0.4139,62.89546773,2004_LiDAR,
KAK_8,0.3325,63.39044743,2004_LiDAR,
KAK_8,0.3469,64.26972663,2004_LiDAR,
KAK_8,0.2344,64.92520554,2004_LiDAR,
KAK_8,0.2477,65.87751778,2004_LiDAR,
KAK_8,0.1054,67.93307959,2004_LiDAR,
KAK_8,0.0777,68.38537828,2004_LiDAR,
KAK_8,-0.0096,69.18699036,2004_LiDAR,
KAK_8,-0.0911,70.09015314,2004_LiDAR,
KAK_8,-0.0764,70.65821477,2004_LiDAR,
KAK_8,-0.0145,71.2729293,2004_LiDAR,
KAK_8,-0.0602,72.06777561,2004_LiDAR,
KAK_8,-0.0417,74.3175659,2004_LiDAR,
KAK_8,-0.0106,74.71787119,2004_LiDAR,
,,,,
KAK_9,2.8363,5.193,2004_LiDAR,
KAK_9,3.0149,6.356120103,2004_LiDAR,
KAK_9,3.0494,7.490840842,2004_LiDAR,
KAK_9,3.0847,8.361040902,2004_LiDAR,
KAK_9,2.9401,11.38011408,2004_LiDAR,
KAK_9,2.9037,12.72010964,2004_LiDAR,
KAK_9,2.8651,12.98097978,2004_LiDAR,
KAK_9,3.1022,18.05701166,2004_LiDAR,
KAK_9,3.1098,18.25482704,2004_LiDAR,
KAK_9,3.1127,18.30513964,2004_LiDAR,
KAK_9,3.1123,18.31691659,2004_LiDAR,
KAK_9,3.1125,18.32896546,2004_LiDAR,
KAK_9,3.108,20.40668148,2004_LiDAR,
KAK_9,2.9531,21.8097436,2004_LiDAR,
KAK_9,3.0009,22.85866673,2004_LiDAR,
KAK_9,2.7999,24.30696688,2004_LiDAR,
KAK_9,2.2399,28.30483942,2004_LiDAR,
KAK_9,2.1906,28.53756872,2004_LiDAR,
KAK_9,1.8593,29.9763243,2004_LiDAR,
KAK_9,1.83,31.00644126,2004_LiDAR,
KAK_9,1.5109,34.79941044,2004_LiDAR,
KAK_9,1.3588,36.71327633,2004_LiDAR,
KAK_9,1.4268,37.63836344,2004_LiDAR,
KAK_9,1.3133,40.02429425,2004_LiDAR,
KAK_9,1.3133,40.04968998,2004_LiDAR,
KAK_9,1.3132,40.08617638,2004_LiDAR,
KAK_9,1.3417,41.64294826,2004_LiDAR,
KAK_9,1.1264,44.16102124,2004_LiDAR,
KAK_9,1.0905,44.61375127,2004_LiDAR,
KAK_9,1.0976,44.66872682,2004_LiDAR,
KAK_9,1.173,46.3960637,2004_LiDAR,
KAK_9,1.127,47.88170492,2004_LiDAR,
KAK_9,1.0276,49.95623074,2004_LiDAR,
KAK_9,1.0094,50.458016,2004_LiDAR,
KAK_9,0.9442,53.99589057,2004_LiDAR,
KAK_9,0.9551,54.47655346,2004_LiDAR,
KAK_9,0.9269,54.799052,2004_LiDAR,
KAK_9,0.7905,57.94082471,2004_LiDAR,
KAK_9,0.7476,60.15786721,2004_LiDAR,
KAK_9,0.7662,61.32445047,2004_LiDAR,
KAK_9,0.779,62.43563545,2004_LiDAR,
KAK_9,0.6639,65.03833323,2004_LiDAR,
KAK_9,0.3811,70.27273517,2004_LiDAR,
KAK_9,0.374,70.3438307,2004_LiDAR,
KAK_9,0.3763,70.38529531,2004_LiDAR,
KAK_9,0.3696,70.44681201,2004_LiDAR,
KAK_9,0.3763,70.53060166,2004_LiDAR,
KAK_9,0.3752,70.61777216,2004_LiDAR,
KAK_9,0.355,74.00595479,2004_LiDAR,
KAK_9,0.3522,74.15294305,2004_LiDAR,
,,,,
KAK_10,2.8676,0.487,2004_LiDAR,
KAK_10,2.8788,0.906857226,2004_LiDAR,
KAK_10,3.0367,1.940143456,2004_LiDAR,
KAK_10,3.0959,2.51858382,2004_LiDAR,
KAK_10,3.0517,3.251893161,2004_LiDAR,
KAK_10,3.0757,5.9536907,2004_LiDAR,
KAK_10,3.0087,7.270512588,2004_LiDAR,
KAK_10,2.9606,8.72874858,2004_LiDAR,
KAK_10,3.0327,10.13182014,2004_LiDAR,
KAK_10,2.9928,10.87839207,2004_LiDAR,
KAK_10,2.9783,12.09316735,2004_LiDAR,
KAK_10,2.7877,14.01757734,2004_LiDAR,
KAK_10,1.8004,17.18983071,2004_LiDAR,
KAK_10,1.7782,17.24400181,2004_LiDAR,
KAK_10,1.7612,17.31279017,2004_LiDAR,
KAK_10,1.7099,17.48650387,2004_LiDAR,
KAK_10,0.9303,20.63988318,2004_LiDAR,
KAK_10,0.9417,22.08292909,2004_LiDAR,
KAK_10,0.8894,23.06658845,2004_LiDAR,
KAK_10,0.8861,23.18306546,2004_LiDAR,
KAK_10,0.818,24.85940906,2004_LiDAR,
KAK_10,0.8165,25.01788584,2004_LiDAR,
KAK_10,0.444,27.32699285,2004_LiDAR,
KAK_10,0.4418,27.51077499,2004_LiDAR,
KAK_10,0.4067,27.73949888,2004_LiDAR,
KAK_10,0.3106,29.47838782,2004_LiDAR,
KAK_10,0.3237,29.67918534,2004_LiDAR,
KAK_10,0.2659,30.15221217,2004_LiDAR,
KAK_10,0.1424,31.65289423,2004_LiDAR,
KAK_10,0.1623,32.8642995,2004_LiDAR,
KAK_10,0.079,35.00344911,2004_LiDAR,
KAK_10,0.0382,36.44310125,2004_LiDAR,
KAK_10,0.1332,38.17029794,2004_LiDAR,
KAK_10,0.122,38.32922851,2004_LiDAR,
KAK_10,0.0242,40.02040441,2004_LiDAR,
KAK_10,-0.107,41.72492543,2004_LiDAR,
KAK_10,-0.1083,42.42861323,2004_LiDAR,
KAK_10,-0.0993,43.08843928,2004_LiDAR,
,,,,
KAK_11,2.3869,1.143,2004_LiDAR,
KAK_11,2.4782,1.461593071,2004_LiDAR,
KAK_11,2.4794,1.77509663,2004_LiDAR,
KAK_11,2.5552,3.214825848,2004_LiDAR,
KAK_11,2.5652,3.527236517,2004_LiDAR,
KAK_11,2.5632,3.55012947,2004_LiDAR,
KAK_11,2.6083,5.747527748,2004_LiDAR,
KAK_11,2.6907,8.10917976,2004_LiDAR,
KAK_11,2.7015,9.323642479,2004_LiDAR,
KAK_11,2.8983,10.71270603,2004_LiDAR,
KAK_11,2.9314,10.97632816,2004_LiDAR,
KAK_11,2.9293,11.10493028,2004_LiDAR,
KAK_11,3.0095,14.21054075,2004_LiDAR,
KAK_11,3.0488,15.77907969,2004_LiDAR,
KAK_11,3.1754,16.87428146,2004_LiDAR,
KAK_11,3.2894,17.83570138,2004_LiDAR,
KAK_11,3.2957,18.07752776,2004_LiDAR,
KAK_11,3.3126,19.42873269,2004_LiDAR,
KAK_11,3.3176,21.36644777,2004_LiDAR,
KAK_11,2.5627,27.73108876,2004_LiDAR,
KAK_11,2.5176,28.19665016,2004_LiDAR,
KAK_11,2.3869,28.7791431,2004_LiDAR,
KAK_11,2.006,30.59936618,2004_LiDAR,
KAK_11,1.9435,31.967538,2004_LiDAR,
KAK_11,1.9443,31.97372618,2004_LiDAR,
KAK_11,2.0275,33.26341534,2004_LiDAR,
KAK_11,1.9404,35.38406417,2004_LiDAR,
KAK_11,1.9277,35.77080854,2004_LiDAR,
KAK_11,1.9166,36.02397895,2004_LiDAR,
KAK_11,1.9552,36.53066497,2004_LiDAR,
KAK_11,2.0799,38.10607294,2004_LiDAR,
KAK_11,2.0822,38.13957572,2004_LiDAR,
KAK_11,1.6946,39.88909488,2004_LiDAR,
KAK_11,1.6699,41.69761113,2004_LiDAR,
KAK_11,1.5829,44.10560676,2004_LiDAR,
KAK_11,1.5434,44.71452411,2004_LiDAR,
KAK_11,1.5676,47.66430894,2004_LiDAR,
KAK_11,1.5387,48.03359316,2004_LiDAR,
KAK_11,1.5489,48.27288499,2004_LiDAR,
KAK_11,1.3962,49.92845219,2004_LiDAR,
KAK_11,1.4146,53.47100572,2004_LiDAR,
KAK_11,1.4002,53.6272783,2004_LiDAR,
KAK_11,1.3206,56.2371755,2004_LiDAR,
KAK_11,1.3766,57.0041292,2004_LiDAR,
KAK_11,1.3438,57.55004877,2004_LiDAR,
KAK_11,1.2252,60.66187109,2004_LiDAR,
KAK_11,1.0737,62.09080439,2004_LiDAR,
KAK_11,1.0746,62.25036522,2004_LiDAR,
KAK_11,1.0699,62.49431261,2004_LiDAR,
KAK_11,1.0545,64.58200156,2004_LiDAR,
KAK_11,1.0268,68.9365811,2004_LiDAR,
KAK_11,0.7852,72.3497823,2004_LiDAR,
KAK_11,0.7653,72.63900158,2004_LiDAR,
KAK_11,0.7806,72.84622375,2004_LiDAR,
KAK_11,0.8881,74.73809018,2004_LiDAR,
KAK_11,0.8061,75.62212588,2004_LiDAR,
KAK_11,0.7345,77.33330801,2004_LiDAR,
KAK_11,0.66,80.159451,2004_LiDAR,
KAK_11,0.6392,81.8948332,2004_LiDAR,
KAK_11,0.6559,83.19896887,2004_LiDAR,
KAK_11,0.7004,84.6625767,2004_LiDAR,
KAK_11,0.6199,85.53840774,2004_LiDAR,
KAK_11,0.5764,86.86143739,2004_LiDAR,
KAK_11,0.6141,88.23346823,2004_LiDAR,
KAK_11,0.6246,88.54373082,2004_LiDAR,
KAK_11,0.6134,88.64041074,2004_LiDAR,
KAK_11,0.609,88.69036199,2004_LiDAR,
KAK_11,0.4903,90.02686789,2004_LiDAR,
,,,,
KAK_12,13.5768,9.671,2004_LiDAR,
KAK_12,12.8104,10.80494704,2004_LiDAR,
KAK_12,11.8553,13.9209898,2004_LiDAR,
KAK_12,11.4587,14.8123507,2004_LiDAR,
KAK_12,10.6568,17.9909887,2004_LiDAR,
KAK_12,8.7299,22.29604923,2004_LiDAR,
KAK_12,8.586,22.66787309,2004_LiDAR,
KAK_12,7.9998,24.20423258,2004_LiDAR,
KAK_12,7.6527,25.16241995,2004_LiDAR,
KAK_12,7.3258,25.70720241,2004_LiDAR,
KAK_12,5.9837,27.16988113,2004_LiDAR,
KAK_12,5.1259,28.37548473,2004_LiDAR,
KAK_12,4.405,29.55015627,2004_LiDAR,
KAK_12,4.4374,30.37697461,2004_LiDAR,
KAK_12,4.3248,32.01671876,2004_LiDAR,
KAK_12,3.887,33.23295835,2004_LiDAR,
KAK_12,3.9542,36.5467885,2004_LiDAR,
KAK_12,3.9407,36.99511795,2004_LiDAR,
KAK_12,3.8649,38.06553388,2004_LiDAR,
KAK_12,3.825,38.21695427,2004_LiDAR,
KAK_12,3.81,38.33295248,2004_LiDAR,
KAK_12,3.3675,40.82868648,2004_LiDAR,
KAK_12,3.04,41.91063182,2004_LiDAR,
KAK_12,2.4747,44.1765678,2004_LiDAR,
KAK_12,2.0556,46.51269358,2004_LiDAR,
KAK_12,1.4048,48.64760013,2004_LiDAR,
KAK_12,1.37,50.06982904,2004_LiDAR,
KAK_12,1.3614,50.3345093,2004_LiDAR,
KAK_12,1.2213,51.03905279,2004_LiDAR,
KAK_12,1.1296,52.86568448,2004_LiDAR,
KAK_12,1.1012,55.18240049,2004_LiDAR,
KAK_12,1.0203,55.92327183,2004_LiDAR,
KAK_12,0.796,58.77478525,2004_LiDAR,
KAK_12,0.831,61.27877391,2004_LiDAR,
KAK_12,0.8283,61.66836334,2004_LiDAR,
KAK_12,0.6014,63.49983668,2004_LiDAR,
KAK_12,0.6036,64.03394351,2004_LiDAR,
KAK_12,0.58,65.03925183,2004_LiDAR,
KAK_12,0.4572,66.02885184,2004_LiDAR,
KAK_12,0.2253,69.07938044,2004_LiDAR,
KAK_12,0.2175,69.48734539,2004_LiDAR,
KAK_12,0.1853,69.81320487,2004_LiDAR,
KAK_12,0.1842,72.61404109,2004_LiDAR,
KAK_12,0.1192,72.82381681,2004_LiDAR,
KAK_12,0.0667,73.27122573,2004_LiDAR,
KAK_12,0.1912,75.02885219,2004_LiDAR,
KAK_12,0.1738,78.70975763,2004_LiDAR,
KAK_12,-0.1916,82.29640746,2004_LiDAR,
KAK_12,-0.2253,83.24045791,2004_LiDAR,
KAK_12,-0.2177,85.41587753,2004_LiDAR,
KAK_12,-0.2036,85.78515828,2004_LiDAR,
KAK_12,-0.2508,86.96670798,2004_LiDAR,
KAK_12,-0.2498,89.70174584,2004_LiDAR,
KAK_12,-0.1906,91.18887268,2004_LiDAR,
KAK_12,-0.1657,92.12216376,2004_LiDAR,
KAK_12,-0.3042,94.52030899,2004_LiDAR,
KAK_12,-0.3455,98.86792441,2004_LiDAR,
KAK_12,-0.3547,99.49964318,2004_LiDAR,
KAK_12,-0.3576,99.63493077,2004_LiDAR,
KAK_12,-0.3637,101.177104,2004_LiDAR,
